2020-12-12 11:55:44.293672 ,0.232326,0.131534,0.13153399999999998,0.069043,0,0.0
2020-12-12 11:55:44.964208 ,0.262991,0.0534,0.037805,0.0,0,0.015652
2020-12-12 11:55:47.053824 ,0.285124,0.068995,0.068995,0.037748000000000004,0,0.0
2020-12-12 11:55:48.654600 ,0.305183,0.076795,0.055852999999999965,0.008973,0,0.008978000000000002
2020-12-12 11:55:49.927233 ,0.247902,0.084609,0.046887,0.0,0,0.015644
2020-12-12 11:55:53.190794 ,0.247397,0.42499,0.410886000000001,0.34495500000000107,0,0.005157
2020-12-12 11:55:55.846770 ,0.209471,0.046841,0.03487199999999999,0,0,0.010007
2020-12-12 11:55:57.653355 ,0.28623,0.068816,0.05485299999999996,0.023935000000000005,0,0.004987
2020-12-12 11:55:57.988210 ,0.207547,0.120324,0.110251,0.050771,0,0.01966
2020-12-12 11:55:58.572167 ,0.246788,0.329097,0.3090950000000002,0.2602709999999997,0,0.016889000000000005
2020-12-12 11:55:58.890861 ,0.22734,0.084374,0.063752,0.033239000000000005,0,0.00786
2020-12-12 11:56:01.316118 ,0.237365,0.071807,0.046716000000000014,0.0039900000000000005,0,0.007958999999999999
2020-12-12 11:56:01.576423 ,0.24434,0.011965,0,0,0,0
2020-12-12 11:56:01.863654 ,0.217416,0.063828,0.041787999999999985,0.0070789999999999985,0,0.009899999999999999
2020-12-12 11:56:02.158865 ,0.238358,0.049867,0.03488900000000001,0,0,0.009956000000000001
2020-12-12 11:56:04.754314 ,0.25475,0.617348,0.6014020000000023,0.5514260000000023,0,0.005020999999999999
2020-12-12 11:56:05.532261 ,0.222405,0.54856,0.5295970000000023,0.4896750000000021,0,0.003987
2020-12-12 11:56:05.891275 ,0.206467,0.140597,0.12562499999999988,0.09070299999999991,0,0.008974
2020-12-12 11:56:06.163547 ,0.214426,0.04887,0.027937000000000003,0,0,0.007989999999999999
2020-12-12 11:56:07.431019 ,0.200512,0.084603,0.046898,0.015636,0,0.015633
2020-12-12 11:56:09.611183 ,0.246575,0.138501,0.09113099999999999,0.041306,0,0.015625
2020-12-12 11:56:09.873585 ,0.203396,0.048882,0.018340000000000002,0,0,0.000203
2020-12-12 11:56:10.434058 ,0.237561,0.322912,0.28516500000000006,0.20053399999999996,0,0.031218000000000003
2020-12-12 11:56:10.712701 ,0.21615,0.046868,0.015648,0,0,0.0
2020-12-12 11:56:11.650959 ,0.225399,0.077819,0.06084399999999997,0.016945,0,0.018900999999999998
2020-12-12 11:56:11.936195 ,0.225399,0.052884,0.031969000000000004,0.00202,0,0.008029999999999999
2020-12-12 11:56:12.189759 ,0.194755,0.046868,0.015619,0,0,0.0
2020-12-12 11:56:12.487782 ,0.235539,0.046863,0.046863,0,0,0.015621
2020-12-12 11:56:14.306579 ,0.207945,0.072926,0.044587,0.010266,0,0.004047
2020-12-12 12:02:57.479054 ,0.259287,0.013962,0,0,0,0
2020-12-12 12:09:55.208749 ,0.234352,0.031272,0.015647,0.0,0,0.0
2020-12-12 12:09:56.207565 ,0.272071,0.02494,0.0039109999999999995,0.0,0,0.000974
2020-12-12 12:09:57.413151 ,0.222413,0.031731,0.026741,0.016744000000000002,0,0.0
2020-12-12 12:10:03.090768 ,0.243051,0.013963,0,0,0,0
2020-12-12 12:17:03.224143 ,0.256866,0.015958,0.000998,0.000998,0,0
2020-12-12 12:17:04.751198 ,0.269099,0.015623,0,0,0,0
2020-12-12 12:24:07.502694 ,0.264176,0.0122,0.0,0.0,0,0
2020-12-12 12:24:08.471528 ,0.231402,0.01562,0.0,0,0,0.0
2020-12-12 12:24:11.089993 ,0.269508,0.015623,0.015623,0.015623,0,0.0
2020-12-12 12:24:12.223246 ,0.226702,0.020242,0.010165,0.010085,0,0.0
2020-12-12 12:24:13.184940 ,0.242535,0.015623,0.015623,0.015623,0,0.0
2020-12-12 12:24:13.844348 ,0.284966,0.0,0.0,0.0,0,0.0
2020-12-12 12:24:15.167504 ,0.253469,0.015621,0.015621,0.015621,0,0.0
2020-12-12 12:24:17.002525 ,0.22642,0.010947,0.0,0.0,0,0.0
2020-12-12 12:24:17.246207 ,0.225565,0.012134,0.002041,0.002041,0,0.0
2020-12-12 12:24:17.511873 ,0.226303,0.031243,0.01562,0.01562,0,0.0
2020-12-12 12:24:17.779446 ,0.257398,0.010175,0.0,0.0,0,0.0
2020-12-12 12:24:20.269119 ,0.247286,0.052306,0.032197,0.032197,0,0.0
2020-12-12 12:24:20.530320 ,0.242944,0.010224,0.0,0.0,0,0.0
2020-12-12 12:24:20.793070 ,0.242602,0.010041,0.0,0.0,0,0.0
2020-12-12 12:24:21.024786 ,0.213511,0.010123,0.0,0,0,0.0
2020-12-12 12:24:22.081010 ,0.247338,0.025399,0.0,0.0,0,0.0
2020-12-12 12:24:22.325357 ,0.218405,0.009974,0.0,0,0,0.0
2020-12-12 12:24:22.560752 ,0.218435,0.008956,0.0,0,0,0.0
2020-12-12 12:24:22.806097 ,0.223428,0.011969,0.0029890000000000003,0.000996,0,0.0
2020-12-12 12:24:24.462153 ,0.262299,0.015957,0.005985,0.004987,0,0.000998
2020-12-12 12:24:25.644657 ,0.210846,0.02034,0.010227,0.010227,0,0.0
2020-12-12 12:24:26.083297 ,0.216131,0.01562,0.01562,0.01562,0,0.0
2020-12-12 12:24:26.347641 ,0.233108,0.015639,0.0,0.0,0,0.0
2020-12-12 12:24:28.424708 ,0.238363,0.01097,0.000997,0,0,0.0
2020-12-12 12:24:28.746844 ,0.21545,0.09871,0.08777599999999999,0.08777599999999999,0,0.0
2020-12-12 12:24:28.989196 ,0.21445,0.010945,0.000998,0,0,0.0
2020-12-12 12:24:30.853127 ,0.269547,0.015655,0.0,0,0,0.0
2020-12-12 12:24:31.090897 ,0.225604,0.012166,0.0,0.0,0,0.0
2020-12-12 12:24:31.356416 ,0.24183,0.015645,0.0,0,0,0.0
2020-12-12 12:24:31.588162 ,0.21613,0.015616,0.0,0,0,0.0
2020-12-12 12:24:32.541139 ,0.235369,0.009972,0.0,0,0,0.0
2020-12-12 12:24:33.469306 ,0.269555,0.01562,0.0,0.0,0,0.0
2020-12-12 12:24:33.723248 ,0.23832,0.0,0.0,0,0,0.0
2020-12-12 12:24:33.986232 ,0.247364,0.0,0.0,0,0,0.0
2020-12-12 12:24:34.271047 ,0.234285,0.034933,0.024957,0.024956999999999997,0,0.0
2020-12-12 12:24:35.595713 ,0.221261,0.015646,0.0,0,0,0.0
2020-12-12 12:24:38.097581 ,0.222766,0.17835,0.17835000000000004,0.17834999999999998,0,0.0
2020-12-12 12:24:38.382819 ,0.252993,0.010065,0.0,0,0,0.0
2020-12-12 12:24:38.648414 ,0.24185,0.015621,0.0,0,0,0.0
2020-12-12 12:24:38.864537 ,0.216123,0.0,0.0,0.0,0,0.0
2020-12-12 12:24:40.522441 ,0.240864,0.0,0.0,0,0,0.0
2020-12-12 12:24:40.785409 ,0.231725,0.015623,0.015623,0.0,0,0.015623
2020-12-12 12:24:41.020437 ,0.209188,0.010116,0.0,0,0,0.0
2020-12-12 12:24:41.252031 ,0.214574,0.008977,0.0,0,0,0.0
2020-12-12 12:24:44.012587 ,0.231749,0.015622,0.0,0.0,0,0.0
2020-12-12 12:24:44.257687 ,0.202545,0.020408,0.002112,0.002112,0,0.0
2020-12-12 12:24:44.529574 ,0.246145,0.015621,0.0,0,0,0.0
2020-12-12 12:24:44.767835 ,0.216123,0.022138,0.0,0,0,0.0
2020-12-12 12:24:46.872671 ,0.214427,0.013963,0.0,0.0,0,0.0
2020-12-12 12:24:47.795221 ,0.231815,0.006531,0.0,0,0,0.0
2020-12-12 12:24:49.802757 ,0.216118,0.015622,0.0,0,0,0.0
2020-12-12 12:24:50.752009 ,0.247366,0.01562,0.0,0,0,0.0
2020-12-12 12:24:51.007323 ,0.22739,0.012302,0.0,0,0,0.0
2020-12-12 12:24:51.241682 ,0.214344,0.01197,0.0019950000000000002,0.0,0,0.0019950000000000002
2020-12-12 12:24:51.490018 ,0.227393,0.013963,0.0,0,0,0.0
2020-12-12 12:24:52.730434 ,0.2161,0.015623,0.0,0,0,0.0
2020-12-12 12:24:52.984339 ,0.238281,0.015624,0.0,0.0,0,0.0
2020-12-12 12:24:53.211795 ,0.217367,0.010089,0.0,0,0,0.0
2020-12-12 12:24:53.478097 ,0.242605,0.015623,0.0,0,0,0.0
2020-12-12 12:24:55.632089 ,0.243351,0.019946,0.009975000000000001,0.008978000000000002,0,0.0
2020-12-12 12:24:56.781701 ,0.216143,0.015642,0.0,0,0,0.0
2020-12-12 12:24:57.013396 ,0.216074,0.015621,0.0,0,0,0.0
2020-12-12 12:24:57.255072 ,0.21209,0.013963,0.002993,0.002993,0,0.0
2020-12-12 12:24:57.507399 ,0.229387,0.01496,0.0,0.0,0,0.0
2020-12-12 12:24:59.214369 ,0.229345,0.011969,0.000997,0.0,0,0.0
2020-12-12 12:24:59.481654 ,0.245343,0.012966,0.000998,0,0,0.0
2020-12-12 12:24:59.723009 ,0.219411,0.015958,0.0,0,0,0.0
2020-12-12 12:24:59.973130 ,0.226919,0.015221,0.000997,0,0,0.000997
2020-12-12 12:25:02.578232 ,0.243376,0.013961,0.0,0,0,0.0
2020-12-12 12:25:03.612706 ,0.265995,0.015621,0.0,0.0,0,0.0
2020-12-12 12:25:03.863750 ,0.22328,0.012137,0.0,0,0,0.0
2020-12-12 12:25:04.140092 ,0.254359,0.013962,0.000998,0,0,0.0
2020-12-12 12:25:04.381472 ,0.22243,0.011968,0.000997,0,0,0.000997
2020-12-12 12:25:06.840185 ,0.221952,0.010226,0.0,0,0,0.0
2020-12-12 12:25:07.090571 ,0.214138,0.018112,0.0,0.0,0,0.0
2020-12-12 12:25:07.325333 ,0.222653,0.010083,0.0,0,0,0.0
2020-12-12 12:25:07.598541 ,0.242678,0.020455,0.0,0.0,0,0.0
2020-12-12 12:25:08.504441 ,0.232362,0.017985,0.001996,0.0,0,0.000998
2020-12-12 12:25:08.741773 ,0.216419,0.012966,0.0,0,0,0.0
2020-12-12 12:25:08.983128 ,0.221408,0.012966,0.0,0,0,0.0
2020-12-12 12:25:11.250648 ,0.231725,0.015618,0.0,0.0,0,0.0
2020-12-12 12:25:12.193699 ,0.22829,0.012978,0.000997,0,0,0.0
2020-12-12 12:25:13.049399 ,0.214429,0.01296,0.000988,0.0,0,0.000988
2020-12-12 12:25:13.292259 ,0.221892,0.013963,0.003989,0.0029920000000000003,0,0.000997
2020-12-12 12:25:13.559546 ,0.242343,0.01097,0.0,0.0,0,0.0
2020-12-12 12:25:13.785940 ,0.206446,0.011968,0.0,0,0,0.0
2020-12-12 12:25:15.669561 ,0.269502,0.015622,0.0,0,0,0.0
2020-12-12 12:25:15.895303 ,0.215658,0.010084,0.0,0.0,0,0.0
2020-12-12 12:25:16.136989 ,0.220689,0.012964,0.000973,0.0,0,0.0
2020-12-12 12:25:16.366712 ,0.21156,0.010208,0.0,0,0,0.0
2020-12-12 12:25:19.598194 ,0.236363,0.010971,0.000997,0.0,0,0.0
2020-12-12 12:25:19.831571 ,0.213431,0.012965,0.0049830000000000004,0.003985,0,0.0
2020-12-12 12:25:20.077155 ,0.225521,0.009082,3.1e-05,0,0,0.0
2020-12-12 12:25:20.309176 ,0.211771,0.012156,0.0,0,0,0.0
2020-12-12 12:25:22.133711 ,0.230638,0.009973,0.000998,0,0,0.0
2020-12-12 12:25:23.174591 ,0.28919,0.019947,0.003986,0.003986,0,0.0
2020-12-12 12:25:23.429360 ,0.228179,0.015621,0.0,0,0,0.0
2020-12-12 12:25:23.683210 ,0.222598,0.015625,0.0,0,0,0.0
2020-12-12 12:25:23.914966 ,0.20048,0.015627,0.0,0,0,0.0
2020-12-12 12:25:25.652441 ,0.262943,0.006506,0.0,0,0,0.0
2020-12-12 12:25:25.915656 ,0.253047,0.010168,0.0,0.0,0,0.0
2020-12-12 12:25:26.265979 ,0.244605,0.105718,0.09574200000000001,0.09474499999999995,0,0.0
2020-12-12 12:25:26.513318 ,0.229386,0.01097,0.0,0,0,0.0
2020-12-12 12:25:28.011748 ,0.216203,0.015625,0.0,0.0,0,0.0
2020-12-12 12:25:28.397207 ,0.231788,0.153671,0.153671,0.153671,0,0.0
2020-12-12 12:25:28.660216 ,0.247363,0.015646,0.0,0.0,0,0.0
2020-12-12 12:25:28.903182 ,0.224679,0.018287,0.0,0,0,0.0
2020-12-12 12:25:31.174410 ,0.231832,0.015588,0.0,0,0,0.0
2020-12-12 12:25:32.625108 ,0.242108,0.010176,0.0,0.0,0,0.0
2020-12-12 12:25:32.874039 ,0.230789,0.018142,0.0,0.0,0,0.0
2020-12-12 12:25:33.128331 ,0.242168,0.010035,0.0,0,0,0.0
2020-12-12 12:25:33.400405 ,0.251872,0.010125,0.0,0,0,0.0
2020-12-12 12:25:34.897154 ,0.247397,0.015621,0.0,0,0,0.0
2020-12-12 12:25:35.160788 ,0.247679,0.014958,0.001,0,0,0.0
2020-12-12 12:25:35.436840 ,0.261569,0.006506,0.0,0.0,0,0.0
2020-12-12 12:25:35.699863 ,0.231744,0.015652,0.0,0,0,0.0
2020-12-12 12:25:38.221718 ,0.216149,0.015595,0.0,0,0,0.0
2020-12-12 12:25:38.467296 ,0.219848,0.010111,0.002089,0,0,0.0
2020-12-12 12:25:38.751005 ,0.260005,0.015622,0.0,0,0,0.0
2020-12-12 12:25:39.000467 ,0.23082,0.012129,0.0,0,0,0.0
2020-12-12 12:25:39.951694 ,0.250515,0.018296,0.008073,0,0,0.0
2020-12-12 12:25:41.911436 ,0.222781,0.010048,0.0,0.0,0,0.0
2020-12-12 12:25:43.365282 ,0.221858,0.027102,0.0,0.0,0,0.0
2020-12-12 12:25:43.628248 ,0.247345,0.015621,0.0,0.0,0,0.0
2020-12-12 12:25:43.913452 ,0.231826,0.0,0.0,0,0,0.0
2020-12-12 12:25:44.199092 ,0.249708,0.020306,0.008034,0,0,0.0
2020-12-12 12:25:46.006689 ,0.219412,0.010972,0.0019979999999999998,0,0,0.0
2020-12-12 12:25:46.260643 ,0.235886,0.010089,0.0,0,0,0.0
2020-12-12 12:25:46.514330 ,0.231354,0.012227,0.0,0,0,0.0
2020-12-12 12:25:46.748467 ,0.210486,0.015626,0.0,0,0,0.0
2020-12-12 12:25:49.028701 ,0.241356,0.010996,0.000998,0,0,0.0
2020-12-12 12:25:49.371395 ,0.211224,0.123518,0.113347,0.11334699999999999,0,0.0
2020-12-12 12:25:49.642970 ,0.222724,0.038642,0.030601999999999997,0.030601999999999997,0,0.0
2020-12-12 12:25:49.887658 ,0.230544,0.012123,0.0,0,0,0.0
2020-12-12 12:25:52.349772 ,0.224427,0.011968,0.001021,0.001021,0,0.0
2020-12-12 12:25:53.813324 ,0.264279,0.013962,0.000997,0,0,0.0
2020-12-12 12:25:54.053711 ,0.215424,0.01698,0.006979999999999999,0.006979999999999999,0,0.0
2020-12-12 12:25:54.293309 ,0.222488,0.010157,0.008121,8.7e-05,0,0.008034
2020-12-12 12:25:54.526712 ,0.215185,0.010164,0.0,0.0,0,0.0
2020-12-12 12:25:56.868907 ,0.247403,0.115884,0.08463999999999999,0.08463999999999999,0,0.0
2020-12-12 12:25:57.193365 ,0.255637,0.068821,0.060842999999999994,0.057846999999999996,0,0.0
2020-12-12 12:25:57.434714 ,0.219442,0.010943,0.000996,0,0,0.000996
2020-12-12 12:25:57.671083 ,0.216422,0.011968,0.000998,0,0,0.000998
2020-12-12 12:26:00.716944 ,0.231746,0.015622,0.0,0.0,0,0.0
2020-12-12 12:26:03.304241 ,0.221385,0.012113,0.0,0.0,0,0.0
2020-12-12 12:26:03.597433 ,0.244671,0.040471,0.038429000000000005,0.03642,0,0.0
2020-12-12 12:26:03.878494 ,0.257362,0.015627,0.0,0,0,0.0
2020-12-12 12:26:04.128873 ,0.224691,0.010073,0.002043,0.002043,0,0.0
2020-12-12 12:26:06.981807 ,0.215426,0.010971,0.0,0,0,0.0
2020-12-12 12:26:07.229462 ,0.230543,0.010123,0.0,0.0,0,0.0
2020-12-12 12:26:07.460178 ,0.21257,0.010116,0.0,0.0,0,0.0
2020-12-12 12:26:07.692267 ,0.213971,0.010057,0.0,0,0,0.0
2020-12-12 12:26:09.611231 ,0.231791,0.015621,0.0,0,0,0.0
2020-12-12 12:26:09.865107 ,0.216101,0.015646,0.0,0,0,0.0
2020-12-12 12:26:10.112519 ,0.231765,0.015647,0.0,0,0,0.0
2020-12-12 12:26:10.348232 ,0.225679,0.010034,0.0,0.0,0,0.0
2020-12-12 12:26:13.704518 ,0.238237,0.015645,0.0,0.0,0,0.0
2020-12-12 12:26:14.863912 ,0.254318,0.013965,0.001969,0,0,0.0
2020-12-12 12:26:17.209378 ,0.214635,0.031241,0.031241,0.031241,0,0.0
2020-12-12 12:26:19.262007 ,0.238706,0.008963,0.0,0,0,0.0
2020-12-12 12:26:19.485768 ,0.200621,0.010199,0.0,0.0,0,0.0
2020-12-12 12:26:19.728586 ,0.224654,0.010112,0.0,0,0,0.0
2020-12-12 12:26:21.543573 ,0.216121,0.0,0.0,0,0,0.0
2020-12-12 12:26:21.790972 ,0.216156,0.015622,0.0,0,0,0.0
2020-12-12 12:26:22.027164 ,0.226073,0.010119,0.0,0,0,0.0
2020-12-12 12:26:23.195030 ,0.216118,0.03122,0.0,0,0,0.0
2020-12-12 12:26:23.448969 ,0.253939,0.0,0.0,0,0,0.0
2020-12-12 12:26:23.682063 ,0.207221,0.010244,0.0,0,0,0.0
2020-12-12 12:26:23.923609 ,0.213247,0.02022,0.012165,0.012165,0,0.0
2020-12-12 12:26:25.228986 ,0.232539,0.011968,0.0,0,0,0.0
2020-12-12 12:26:26.745200 ,0.217237,0.010108,0.008021,0.008021,0,0.0
2020-12-12 12:26:26.976815 ,0.203446,0.008078,0.0,0,0,0.0
2020-12-12 12:26:27.240221 ,0.243204,0.010065,0.0,0,0,0.0
2020-12-12 12:26:27.481090 ,0.220648,0.010077,0.008043,0,0,3.5e-05
2020-12-12 12:26:29.630205 ,0.226394,0.012966,0.001021,0.001021,0,0.0
2020-12-12 12:26:32.230552 ,0.225281,0.018032,0.0,0,0,0.0
2020-12-12 12:26:32.462088 ,0.215914,0.015622,0.0,0,0,0.0
2020-12-12 12:26:32.709429 ,0.216068,0.015619,0.0,0.0,0,0.0
2020-12-12 12:26:32.943402 ,0.215778,0.018195,0.002074,0.002021,0,0.0
2020-12-12 12:26:34.449888 ,0.220787,0.01214,0.0,0.0,0,0.0
2020-12-12 12:26:34.703815 ,0.22568,0.020221,0.0,0,0,0.0
2020-12-12 12:26:34.936420 ,0.204233,0.02031,0.0,0,0,0.0
2020-12-12 12:26:35.198305 ,0.233572,0.018161,0.0,0,0,0.0
2020-12-12 12:26:36.362473 ,0.252325,0.011966,0.0,0,0,0.0
2020-12-12 12:26:36.587158 ,0.207517,0.010186,0.008072,0,0,0.008033
2020-12-12 12:26:36.844013 ,0.233185,0.015627,0.0,0,0,0.0
2020-12-12 12:26:37.107010 ,0.262997,0.0,0.0,0.0,0,0.0
2020-12-12 12:26:40.407703 ,0.216174,0.131508,0.131508,0.131508,0,0.0
2020-12-12 12:26:42.423558 ,0.221437,0.012961,0.003986999999999999,0.002989,0,0.0
2020-12-12 12:26:43.565249 ,0.233401,0.009974,0.0,0,0,0.0
2020-12-12 12:26:43.793258 ,0.203432,0.015627,0.0,0,0,0.0
2020-12-12 12:26:44.076048 ,0.23834,0.027837,0.0032140000000000003,0.0022170000000000002,0,0.000997
2020-12-12 12:26:44.332478 ,0.235644,0.015655,0.0,0,0,0.0
2020-12-12 12:26:46.148182 ,0.231751,0.149504,0.146538,0.14653799999999995,0,0.0
2020-12-12 12:26:48.294429 ,0.221242,0.032906,0.023936999999999996,0.023936999999999996,0,0.0
2020-12-12 12:26:48.537753 ,0.222377,0.008976,0.000998,0,0,0.000998
2020-12-12 12:26:48.841941 ,0.211435,0.083777,0.074802,0.073804,0,0.0
2020-12-12 12:26:49.060356 ,0.202458,0.008976,0.0,0,0,0.0
2020-12-12 12:26:49.961108 ,0.215231,0.010078,0.0,0,0,0.0
2020-12-12 12:26:50.204328 ,0.222905,0.010105,0.0,0,0,0.0
2020-12-12 12:26:51.347352 ,0.222281,0.910613,0.904537,0.90354,0,0.000997
2020-12-12 12:26:51.585714 ,0.214452,0.01294,0.000997,0.0,0,0.0
2020-12-12 12:26:53.246275 ,0.217419,0.010971,0.0,0,0,0.0
2020-12-12 12:26:54.734449 ,0.212081,0.010187,0.0,0.0,0,0.0
2020-12-12 12:26:54.987346 ,0.23265,0.010085,0.0,0,0,0.0
2020-12-12 12:26:55.227345 ,0.218908,0.010972,0.000998,0,0,0.0
2020-12-12 12:26:58.072057 ,0.216195,0.015621,0.0,0,0,0.0
2020-12-12 12:26:58.328603 ,0.244508,0.012038,0.0,0,0,0.0
2020-12-12 12:26:58.609829 ,0.263025,0.01008,0.0,0.0,0,0.0
2020-12-12 12:26:58.832395 ,0.202362,0.010081,0.002037,0,0,0.002007
2020-12-12 12:27:00.204507 ,0.25178,0.010971,0.001996,0,0,0.0
2020-12-12 12:27:00.902991 ,0.225487,0.010164,0.0,0,0,0.0
2020-12-12 12:27:01.818412 ,0.21613,0.015624,0.0,0,0,0.0
2020-12-12 12:27:02.056717 ,0.216171,0.015621,0.0,0,0,0.0
2020-12-12 12:27:02.289056 ,0.222115,0.010224,0.0,0,0,0.0
2020-12-12 12:27:02.547919 ,0.226701,0.022098,0.0,0,0,0.0
2020-12-12 12:27:03.982554 ,0.285094,0.031247,0.015626,0.015626,0,0.0
2020-12-12 12:27:04.227537 ,0.236004,0.008979,0.001001,0,0,0.0
2020-12-12 12:27:04.469887 ,0.21642,0.010971,0.0019909999999999997,0.0019909999999999997,0,0.0
2020-12-12 12:27:04.703629 ,0.216682,0.010081,0.0,0,0,0.0
2020-12-12 12:27:06.799908 ,0.285096,0.0,0.0,0,0,0.0
2020-12-12 12:27:07.755408 ,0.237978,0.0,0.0,0,0,0.0
2020-12-12 12:27:08.009039 ,0.227841,0.010158,0.0,0,0,0.0
2020-12-12 12:27:08.267370 ,0.238288,0.010971,0.0,0,0,0.0
2020-12-12 12:27:10.573021 ,0.228439,0.010129,0.0,0,0,0.0
2020-12-12 12:27:10.814537 ,0.215337,0.008074,0.0,0,0,0.0
2020-12-12 12:27:11.089429 ,0.233527,0.03123,0.0,0,0,0.0
2020-12-12 12:27:11.340112 ,0.240595,0.010088,0.0,0,0,0.0
2020-12-12 12:27:13.960220 ,0.221414,0.009972,0.0,0,0,0.0
2020-12-12 12:27:14.214540 ,0.218441,0.022939,0.012989,0.012988999999999999,0,0.0
2020-12-12 12:27:14.468860 ,0.236369,0.009996,0.0029920000000000003,0,0,0.0
2020-12-12 12:27:14.720188 ,0.225399,0.014984,0.0,0.0,0,0.0
2020-12-12 12:27:15.564766 ,0.241758,0.015645,0.0,0,0,0.0
2020-12-12 12:27:17.617852 ,0.285087,0.015652,0.0,0,0,0.0
2020-12-12 12:27:18.554020 ,0.237392,0.011964,0.001993,0,0,0.000973
2020-12-12 12:27:19.556492 ,0.235836,0.0,0.0,0,0,0.0
2020-12-12 12:27:21.415742 ,0.255316,0.011969,0.0,0,0,0.0
2020-12-12 12:27:21.683053 ,0.246365,0.011945,0.000996,0,0,0.0
2020-12-12 12:27:21.915406 ,0.214401,0.011968,0.000997,0,0,0.0
2020-12-12 12:27:22.166490 ,0.222929,0.020169,0.0,0,0,0.0
2020-12-12 12:27:23.342498 ,0.230386,0.011984,0.0,0,0,0.0
2020-12-12 12:27:23.607796 ,0.246366,0.009973,0.000997,0,0,0.0
2020-12-12 12:27:23.842146 ,0.216422,0.008976,0.0,0,0,0.0
2020-12-12 12:27:24.095467 ,0.223422,0.017926,0.000998,0,0,0.0
2020-12-12 12:27:26.234666 ,0.216172,0.01562,0.0,0,0,0.0
2020-12-12 12:27:26.501476 ,0.21994,0.01562,0.0,0.0,0,0.0
2020-12-12 12:27:26.724152 ,0.222676,0.0,0.0,0,0,0.0
2020-12-12 12:27:26.985139 ,0.227239,0.018123,0.0,0,0,0.0
2020-12-12 12:27:28.232090 ,0.220289,0.020143,0.010058000000000001,0,0,9e-06
2020-12-12 12:27:29.918218 ,0.252554,0.0,0.0,0,0,0.0
2020-12-12 12:27:30.195024 ,0.245253,0.015958,0.000997,0.0,0,0.0
2020-12-12 12:27:30.437733 ,0.220122,0.015606,0.0,0,0,0.0
2020-12-12 12:27:30.679828 ,0.216412,0.010061,0.0,0,0,0.0
2020-12-12 12:27:32.237244 ,0.255163,0.01396,0.002993,0,0,0.000998
2020-12-12 12:27:32.488578 ,0.231406,0.01297,0.001024,0.001024,0,0.0
2020-12-12 12:27:32.727746 ,0.210894,0.020317,0.0,0,0,0.0
2020-12-12 12:27:32.959726 ,0.213808,0.010115,0.0,0,0,0.0
2020-12-12 12:27:34.245661 ,0.223061,0.010113,0.0,0,0,0.0
2020-12-12 12:27:34.511163 ,0.241788,0.015621,0.0,0,0,0.0
2020-12-12 12:27:34.758538 ,0.231755,0.01562,0.0,0,0,0.0
2020-12-12 12:27:36.927813 ,0.232375,0.010971,0.000984,0,0,0.0
2020-12-12 12:27:39.291756 ,0.262932,0.006516,0.0,0,0,0.0
2020-12-12 12:27:39.539150 ,0.231773,0.015621,0.0,0.0,0,0.0
2020-12-12 12:27:39.785540 ,0.236301,0.010089,0.0,0,0,0.0
2020-12-12 12:27:42.546038 ,0.232842,0.015621,0.0,0,0,0.0
2020-12-12 12:27:42.799257 ,0.219418,0.018178,0.0,0,0,0.0
2020-12-12 12:27:43.035188 ,0.223735,0.010165,0.0,0,0,0.0
2020-12-12 12:27:43.307970 ,0.244463,0.018161,0.008071,0.008071,0,0.0
2020-12-12 12:27:45.892739 ,0.216149,0.015621,0.0,0,0,0.0
2020-12-12 12:27:46.794808 ,0.232403,0.010945,0.001994,0.000997,0,0.0
2020-12-12 12:27:48.220995 ,0.217471,0.010152,0.0,0,0,0.0
2020-12-12 12:27:48.461073 ,0.213861,0.018195,0.010096,0.00202,0,0.008076
2020-12-12 12:27:48.704186 ,0.220832,0.010182,0.0,0,0,0.0
2020-12-12 12:27:48.957345 ,0.233092,0.010029,0.0,0,0,0.0
2020-12-12 12:27:49.823424 ,0.265049,0.010122,0.0,0,0,0.0
2020-12-12 12:27:50.057669 ,0.210566,0.01565,0.0,0,0,0.0
2020-12-12 12:27:50.320373 ,0.242885,0.0,0.0,0,0,0.0
2020-12-12 12:27:52.610975 ,0.266301,0.015946,0.0,0,0,0.0
2020-12-12 12:27:52.869309 ,0.237387,0.013963,0.0,0,0,0.0
2020-12-12 12:27:53.105214 ,0.21792,0.010032,0.0,0,0,0.0
2020-12-12 12:27:53.356544 ,0.222927,0.020342,0.0,0,0,0.0
2020-12-12 12:27:55.199180 ,0.275194,0.013963,0.0,0,0,0.0
2020-12-12 12:27:56.217382 ,0.22778,0.010506,0.0,0,0,0.0
2020-12-12 12:27:56.481151 ,0.25369,0.010079,0.0,0,0,0.0
2020-12-12 12:27:56.788002 ,0.273109,0.015622,0.0,0,0,0.0
2020-12-12 12:27:57.032868 ,0.23478,0.010086,0.0,0,0,0.0
2020-12-12 12:27:59.002262 ,0.25628,0.010097,0,0,0,0
2020-12-12 12:27:59.243282 ,0.220863,0.010084,0.0,0,0,0.0
2020-12-12 12:28:02.340004 ,0.231698,0.015621,0.0,0,0,0.0
2020-12-12 12:28:02.630461 ,0.272505,0.017952,0.0,0,0,0.0
2020-12-12 12:28:02.893756 ,0.238361,0.010971,0.0,0,0,0.0
2020-12-12 12:28:03.149334 ,0.228986,0.015621,0.0,0,0,0.0
2020-12-12 12:28:05.755550 ,0.252353,0.015628,0.0,0,0,0.0
2020-12-12 12:28:08.000905 ,0.231749,0.015645,0.0,0,0,0.0
2020-12-12 12:28:08.304578 ,0.290682,0.012991,0.000997,0.0,0,0.0
2020-12-12 12:28:08.586425 ,0.259281,0.015609,0.0,0.0,0,0.0
2020-12-12 12:28:08.833765 ,0.231718,0.015622,0.0,0,0,0.0
2020-12-12 12:28:11.299594 ,0.244425,0.014987,0.0,0,0,0.0
2020-12-12 12:28:11.545910 ,0.220413,0.013961,0.0,0,0,0.0
2020-12-12 12:28:11.813219 ,0.246366,0.013962,0.0,0,0,0.0
2020-12-12 12:28:12.059268 ,0.226738,0.012351,0.0,0,0,0.0
2020-12-12 12:28:14.419367 ,0.224412,0.013962,0.000998,0,0,0.0
2020-12-12 12:28:14.673277 ,0.226754,0.020196,0.002039,0,0,3.2e-05
2020-12-12 12:28:14.925305 ,0.23393,0.010061,0.0,0,0,0.0
2020-12-12 12:28:15.180480 ,0.230118,0.013938,0.0,0,0,0.0
2020-12-12 12:28:17.599465 ,0.241355,0.012965,0.0,0,0,0.0
2020-12-12 12:28:20.562737 ,0.233375,0.011968,0.000998,0.0,0,0.0
2020-12-12 12:28:22.309795 ,0.247934,0.011967,0.0,0.0,0,0.0
2020-12-12 12:28:22.549130 ,0.220412,0.01097,0.000997,0,0,0.0
2020-12-12 12:28:22.808436 ,0.239357,0.011967,0.000998,0,0,0.0
2020-12-12 12:28:25.076035 ,0.230269,0.022167,0.0,0,0,0.0
2020-12-12 12:28:25.339078 ,0.263043,0.0,0.0,0,0,0.0
2020-12-12 12:28:25.608577 ,0.238258,0.015623,0.0,0,0,0.0
2020-12-12 12:28:25.878007 ,0.248778,0.005031,0.0,0,0,0.0
2020-12-12 12:28:28.071117 ,0.238232,0.015621,0.0,0.0,0,0.0
2020-12-12 12:28:28.302843 ,0.216097,0.0,0.0,0,0,0.0
2020-12-12 12:28:28.564369 ,0.23582,0.010078,0.002007,0,0,0.0
2020-12-12 12:28:28.835435 ,0.248829,0.012136,0.002008,0,0,0.0
2020-12-12 12:28:31.116096 ,0.238279,0.022233,0.0,0,0,0.0
2020-12-12 12:28:33.730417 ,0.253878,0.015624,0.0,0,0,0.0
2020-12-12 12:28:33.966853 ,0.210766,0.010087,0.0,0,0,0.0
2020-12-12 12:28:34.210974 ,0.225025,0.01097,0.0,0,0,0.0
2020-12-12 12:28:34.452574 ,0.223922,0.010235,0.0,0.0,0,0.0
2020-12-12 12:28:36.791421 ,0.246348,0.013953,0.0,0.0,0,0.0
2020-12-12 12:28:37.025820 ,0.219439,0.011967,0.0,0,0,0.0
2020-12-12 12:28:37.265180 ,0.217444,0.012965,0.0,0,0,0.0
2020-12-12 12:28:37.509504 ,0.223386,0.011969,0.001969,0,0,0.000996
2020-12-12 12:28:41.107392 ,0.233607,0.012965,0.000997,0,0,0.0
2020-12-12 12:28:41.362734 ,0.233398,0.011965,0.0,0,0,0.0
2020-12-12 12:28:41.601071 ,0.220409,0.010971,0.0,0,0,0.0
2020-12-12 12:28:41.856414 ,0.234395,0.013962,0.0,0,0,0.0
2020-12-12 12:28:43.896986 ,0.241463,0.018316,0.0,0,0,0.0
2020-12-12 12:28:46.115543 ,0.234,0.010038,0.0,0,0,0.0
2020-12-12 12:28:46.348550 ,0.214794,0.010141,0.0,0,0,0.0
2020-12-12 12:28:46.609752 ,0.232879,0.018116,0.0,0,0,0.0
2020-12-12 12:28:46.850585 ,0.216643,0.022165,0.0,0,0,0.0
2020-12-12 12:28:48.771745 ,0.253886,0.015597,0.0,0,0,0.0
2020-12-12 12:28:49.025674 ,0.231797,0.022132,0.0,0.0,0,0.0
2020-12-12 12:28:49.265809 ,0.22817,0.011965,0.0,0,0,0.0
2020-12-12 12:28:49.505167 ,0.219387,0.012965,0.000997,0,0,0.000997
2020-12-12 12:28:51.368003 ,0.219844,0.012195,0.00204,0.00204,0,0.0
2020-12-12 12:28:51.789369 ,0.231794,0.008719,0.00661,0,0,0.0
2020-12-12 12:28:53.324287 ,0.307532,0.010971,0.0,0,0,0.0
2020-12-12 12:28:56.022099 ,0.22255,0.010165,0.002041,0,0,0.0
2020-12-12 12:35:45.293958 ,0.264162,0.011994,0,0,0,0
2020-12-12 12:47:24.597580 ,0.306177,0.015955,0,0,0,0
2020-12-12 13:00:15.563855 ,0.497689,0.023936,0,0,0,0
2020-12-12 13:13:43.725769 ,0.517138,0.109706,0.06978399999999996,0.04187799999999999,0,0.0
2020-12-12 13:13:45.584798 ,0.537563,0.0389,0.008975,0.0069819999999999995,0,0.0
2020-12-12 13:13:46.931321 ,0.491684,0.033909,0.011956000000000001,0.010945999999999997,0,0.0
2020-12-12 13:13:48.375911 ,0.56449,0.023937,0.007975,0.004981,0,0.000999
2020-12-12 13:13:50.694301 ,0.452819,0.026443,0.000996,0.0,0,0.0
2020-12-12 13:13:51.960729 ,0.558811,0.028922,0.001994,0.000998,0,0.0
2020-12-12 13:13:53.029900 ,0.479717,0.030917,0.007979,0.006979999999999999,0,0.0
2020-12-12 13:13:53.997833 ,0.417398,0.033916,0.009986000000000002,0.009986000000000002,0,0.0
2020-12-12 13:13:54.477545 ,0.444806,0.024934,0.004994,0.002994,0,0.0
2020-12-12 13:13:54.926349 ,0.413925,0.021915,0.004994,0.003989,0,0.0
2020-12-12 13:13:56.792686 ,0.405552,0.030919,0.009973,0.008977,0,0.000996
2020-12-12 13:13:57.233683 ,0.411077,0.017952,0.0,0,0,0.0
2020-12-12 13:13:57.722378 ,0.444811,0.030918,0.005974999999999999,0.005974999999999999,0,0.0
2020-12-12 13:13:59.130639 ,0.423869,0.133646,0.116694,0.11469000000000003,0,0.001
2020-12-12 13:14:00.960048 ,0.399474,0.025931,0.009968,0.007977,0,0.000993
2020-12-12 13:14:01.393410 ,0.407431,0.016955,0.0,0,0,0.0
2020-12-12 13:14:01.843209 ,0.417883,0.021942,0.003992999999999999,0.0019969999999999996,0,0.0
2020-12-12 13:14:02.335778 ,0.454666,0.01895,0.000996,0.0,0,0.0
2020-12-12 13:14:05.170731 ,0.407909,0.036902,0.012955999999999999,0.011959000000000001,0,0.0
2020-12-12 13:14:05.658796 ,0.456161,0.019947,0.0,0.0,0,0.0
2020-12-12 13:14:06.080692 ,0.391977,0.019946,0.000999,0.0,0,0.0
2020-12-12 13:14:06.481620 ,0.374001,0.01795,0.000998,0,0,0.000998
2020-12-12 13:14:08.473617 ,0.390456,0.019947,0.001972,0.001972,0,0.0
2020-12-12 13:14:09.489742 ,0.417882,0.020946,0.004985,0.002993,0,0.0
2020-12-12 13:14:10.659890 ,0.411899,0.020944,0.002999,0.000998,0,0.0
2020-12-12 13:14:11.129634 ,0.426853,0.032909,0.009975000000000001,0.008976,0,0.0
2020-12-12 13:14:11.557675 ,0.402112,0.019945,0.0,0,0,0.0
2020-12-12 13:14:12.006254 ,0.413672,0.024933,0.008008,0.006997999999999999,0,0.0
2020-12-12 13:14:14.372001 ,0.4109,0.028923,0.001996,0.000998,0,0.0
2020-12-12 13:14:14.873684 ,0.465775,0.02693,0.000998,0,0,0.0
2020-12-12 13:14:15.363374 ,0.448801,0.022938,0.001008,0,0,0.0
2020-12-12 13:14:15.858052 ,0.451792,0.032912,0.011968,0.008981,0,0.000994
2020-12-12 13:14:17.323579 ,0.417523,0.017951,0.002982,0,0,0.000997
2020-12-12 13:14:18.491976 ,0.404918,0.026942,0.006982999999999999,0.005983,0,0.0
2020-12-12 13:14:18.982721 ,0.457315,0.01847,0.000997,0,0,0.0
2020-12-12 13:14:19.420062 ,0.408414,0.017952,0.000998,0,0,0.0
2020-12-12 13:14:19.977484 ,0.433844,0.115611,0.092744,0.09274400000000003,0,0.0
2020-12-12 13:14:22.289459 ,0.397938,0.018948,0.0,0,0,0.0
2020-12-12 13:14:22.744250 ,0.402917,0.044889,0.025929,0.02493,0,0.000999
2020-12-12 13:14:23.172673 ,0.396512,0.02194,0.0,0,0,0.0
2020-12-12 13:14:24.853913 ,0.417529,0.029922,0.005991,0.004979000000000001,0,0.0
2020-12-12 13:14:25.315678 ,0.425861,0.025932,0.0,0,0,0.0
2020-12-12 13:14:25.752509 ,0.407909,0.013962,0.000998,0,0,0.000998
2020-12-12 13:14:26.109592 ,0.316198,0.029916,0.004985,0.003988,0,0.0
2020-12-12 13:14:27.382670 ,0.471739,0.016955,0.000998,0,0,0.000998
2020-12-12 13:14:29.391743 ,0.386964,0.022938,0.0,0,0,0.0
2020-12-12 13:14:29.897393 ,0.46376,0.024934,0.0,0.0,0,0.0
2020-12-12 13:14:30.324325 ,0.397009,0.01795,0.000998,0,0,0.000998
2020-12-12 13:14:30.836957 ,0.462763,0.0379,0.00797,0.00797,0,0.0
2020-12-12 13:14:32.989881 ,0.432849,0.024935,0.000997,0,0,0.0
2020-12-12 13:14:33.475521 ,0.453726,0.024934,0.000997,0.000997,0,0.0
2020-12-12 13:14:33.958230 ,0.444815,0.019941,0.002998,0.002,0,0.000998
2020-12-12 13:14:35.475258 ,0.407913,0.025926,0.000993,0,0,0.000993
2020-12-12 13:14:35.871257 ,0.361044,0.019948,0.001974,0.001974,0,0.0
2020-12-12 13:14:36.263675 ,0.362544,0.019948,0.00199,0,0,0.00199
2020-12-12 13:14:37.611872 ,0.419679,0.025931,0.000999,0,0,0.0
2020-12-12 13:14:39.965338 ,0.430358,0.017951,0.0019950000000000002,0.0019950000000000002,0,0.0
2020-12-12 13:14:41.157517 ,0.511996,0.041889,0.013963,0.011961999999999999,0,0.0
2020-12-12 13:14:42.992324 ,0.442818,0.019946,0.000998,0,0,0.000998
2020-12-12 13:14:43.436170 ,0.408938,0.027926,0.000999,0,0,0.0
2020-12-12 13:14:43.990053 ,0.448168,0.082778,0.064838,0.06384,0,0.0
2020-12-12 13:14:44.402950 ,0.380972,0.016956,0.000998,0,0,0.0
2020-12-12 13:14:46.286382 ,0.379984,0.022943,0.0,0,0,0.0
2020-12-12 13:14:46.730993 ,0.40572,0.026927,0.0,0,0,0.0
2020-12-12 13:14:47.176312 ,0.416396,0.017952,0.0,0,0,0.0
2020-12-12 13:14:49.037700 ,0.430848,0.037898,0.013964,0.011963999999999999,0,0.0
2020-12-12 13:14:50.407577 ,0.464758,0.027925,0.001014,0,0,0.0
2020-12-12 13:14:50.949758 ,0.499295,0.029919,0.0019950000000000002,0,0,0.0
2020-12-12 13:14:51.451870 ,0.468202,0.024933,0.000998,0,0,0.0
2020-12-12 13:14:51.903662 ,0.420878,0.015954,0.0,0,0,0.0
2020-12-12 13:14:53.174126 ,0.474247,0.018947,0.001,0,0,0.0
2020-12-12 13:14:55.333465 ,0.416729,0.02593,0.010969999999999999,0.010969999999999999,0,0.0
2020-12-12 13:14:55.795324 ,0.423959,0.022936,0.0029930000000000004,0,0,0.0
2020-12-12 13:14:56.235149 ,0.403922,0.016955,0.0,0,0,0.0
2020-12-12 13:14:56.661010 ,0.385968,0.019947,0.0019909999999999997,0,0,0.000998
2020-12-12 13:14:57.618638 ,0.408418,0.017952,0.0,0,0,0.0
2020-12-12 13:14:58.049487 ,0.394944,0.021943,0.0,0,0,0.0
2020-12-12 13:14:58.487578 ,0.405187,0.022932,0.000997,0,0,0.000997
2020-12-12 13:14:59.757173 ,0.427964,0.028923,0.001996,0,0,0.0
2020-12-12 13:15:00.230081 ,0.441994,0.022938,0.000997,0,0,0.0
2020-12-12 13:15:00.687375 ,0.426375,0.015957,0.000997,0,0,0.0
2020-12-12 13:15:01.106474 ,0.388168,0.016968,0.000992,0,0,0.0
2020-12-12 13:15:01.938604 ,0.425372,0.021949,0.000999,0.000999,0,0.0
2020-12-12 13:15:02.647121 ,0.40932,0.022943,0.000997,0,0,0.0
2020-12-12 13:15:03.818081 ,0.412896,0.0389,0.011973000000000001,0.01097,0,0.0
2020-12-12 13:15:04.994567 ,0.400926,0.023935,0.000997,0,0,0.0
2020-12-12 13:15:05.538637 ,0.502174,0.028923,0.0,0,0,0.0
2020-12-12 13:15:06.032127 ,0.4506,0.027927,0.004988,0.002993,0,0.0
2020-12-12 13:15:06.510361 ,0.439339,0.027924,0.001988,0,0,0.001988
2020-12-12 13:15:07.355617 ,0.391952,0.01895,0.0,0,0,0.0
2020-12-12 13:15:07.866251 ,0.475739,0.020934,0.0,0,0,0.0
2020-12-12 13:15:08.267688 ,0.366529,0.020943,0.000995,0,0,0.000995
2020-12-12 13:15:10.665780 ,0.394944,0.02992,0.008979,0.006987999999999999,0,0.0
2020-12-12 13:15:11.170041 ,0.472352,0.02393,0.004007999999999999,0.00301,0,0.0
2020-12-12 13:15:12.705692 ,0.384971,0.018955,0.001,0,0,0.0
2020-12-12 13:15:13.141541 ,0.397937,0.023935,0.0019909999999999997,0,0,0.0
2020-12-12 13:15:15.342593 ,0.477034,0.018948,0.0,0,0,0.0
2020-12-12 13:15:16.940346 ,0.44333,0.016961,0.000996,0,0,0.0
2020-12-12 13:15:18.078521 ,0.445027,0.025933,0.0,0,0,0.0
2020-12-12 13:15:20.883465 ,0.426716,0.02992,0.004980999999999999,0.004980999999999999,0,0.0
2020-12-12 13:15:21.359193 ,0.439826,0.023929,0.000997,0,0,0.0
2020-12-12 13:15:21.845892 ,0.442816,0.028922,0.004980999999999999,0.004980999999999999,0,0.0
2020-12-12 13:15:22.747291 ,0.418651,0.018951,0.00099,0,0,0.0
2020-12-12 13:15:25.302818 ,0.521238,0.027924,0.0,0,0,0.0
2020-12-12 13:15:25.899223 ,0.552525,0.027928,0.0029950000000000003,0,0,0.0
2020-12-12 13:15:26.397421 ,0.466281,0.019953,0.000997,0,0,0.0
2020-12-12 13:15:26.849719 ,0.415393,0.026927,0.002986,0.001993,0,0.000993
2020-12-12 13:15:28.698044 ,0.416394,0.01895,0.001012,0,0,0.0
2020-12-12 13:15:29.182505 ,0.449033,0.023462,0.00252,0,0,0.000511
2020-12-12 13:15:29.643272 ,0.421873,0.019949,0.0,0,0,0.0
2020-12-12 13:15:30.102045 ,0.422867,0.016956,0.0019950000000000002,0,0,0.000998
2020-12-12 13:15:31.217558 ,0.388959,0.018949,0.0,0,0,0.0
2020-12-12 13:15:32.475339 ,0.423379,0.023936,0.0019960000000000004,0,0,0.000997
2020-12-12 13:15:33.100179 ,0.57597,0.040892,0.006980999999999999,0.005984000000000001,0,0.0
2020-12-12 13:15:33.743116 ,0.589084,0.033908,0.001994,0,0,0.000997
2020-12-12 13:15:34.365452 ,0.574464,0.025927,0.000997,0,0,0.0
2020-12-12 13:15:35.939178 ,0.440821,0.022947,0.0,0,0,0.0
2020-12-12 13:15:36.410913 ,0.441824,0.022938,0.0019950000000000002,0.0019950000000000002,0,0.0
2020-12-12 13:15:36.866184 ,0.419469,0.019952,0.0019950000000000002,0,0,0.000999
2020-12-12 13:15:39.594107 ,0.423432,0.020943,0.001997,0,0,0.0
2020-12-12 13:15:40.045902 ,0.419878,0.018952,0.0,0,0,0.0
2020-12-12 13:15:40.484855 ,0.411032,0.019945,0.001993,0.0,0,0.0
2020-12-12 13:15:40.953601 ,0.435836,0.017952,0.000997,0,0,0.000997
2020-12-12 13:15:42.330349 ,0.406419,0.025931,0.001996,0,0,0.001996
2020-12-12 13:15:43.544127 ,0.406933,0.084774,0.063837,0.06283899999999999,0,0.000998
2020-12-12 13:15:44.017860 ,0.435833,0.022939,0.0,0,0,0.0
2020-12-12 13:15:44.505563 ,0.458773,0.018951,0.0019950000000000002,0,0,0.000998
2020-12-12 13:15:44.953798 ,0.402365,0.023935,0.0,0,0,0.0
2020-12-12 13:15:45.896652 ,0.407327,0.029871,0.000998,0,0,0.0
2020-12-12 13:15:46.375883 ,0.44233,0.024934,0.000997,0,0,0.0
2020-12-12 13:15:46.821691 ,0.412897,0.024933,0.000998,0,0,0.0
2020-12-12 13:15:48.390771 ,0.400929,0.017953,0.000998,0,0,0.000998
2020-12-12 13:15:48.846110 ,0.410461,0.021944,0.0,0,0,0.0
2020-12-12 13:15:49.300292 ,0.409301,0.025931,0.000998,0,0,0.000998
2020-12-12 13:15:49.774025 ,0.439825,0.024932,0.000996,0,0,0.0
2020-12-12 13:15:51.341170 ,0.417883,0.022938,0.0029850000000000002,0,0,0.0
2020-12-12 13:15:53.783181 ,0.386416,0.017953,0.000997,0,0,0.0
2020-12-12 13:15:57.182616 ,0.423866,0.016955,0.0,0,0,0.0
2020-12-12 13:15:57.683277 ,0.452788,0.037899,0.009984,0.009984,0,0.0
2020-12-12 13:15:58.252037 ,0.522874,0.024942,0.001994,0,0,0.0
2020-12-12 13:15:58.674898 ,0.385961,0.022939,0.001993,0,0,0.000999
2020-12-12 13:16:00.961501 ,0.511473,0.019947,0.0019960000000000004,0,0,0.0
2020-12-12 13:16:01.412198 ,0.405818,0.035906,0.01396,0.010959,0,0.0
2020-12-12 13:16:02.038525 ,0.583438,0.028923,0.002994,0.0,0,0.0
2020-12-12 13:16:03.907015 ,0.434917,0.023941,0.000999,0,0,0.000999
2020-12-12 13:16:04.329960 ,0.397017,0.019948,0.0,0,0,0.0
2020-12-12 13:16:04.788732 ,0.431845,0.019947,0.000998,0,0,0.0
2020-12-12 13:16:05.229552 ,0.407909,0.019947,0.0,0,0,0.0
2020-12-12 13:16:06.223977 ,0.539557,0.027924,0.006984,0.006983999999999999,0,0.0
2020-12-12 13:16:07.458880 ,0.499178,0.022939,0.000994,0,0,0.0
2020-12-12 13:16:08.029355 ,0.529585,0.030917,0.0,0.0,0,0.0
2020-12-12 13:16:08.561468 ,0.500165,0.019941,0.0019960000000000004,0,0,0.0
2020-12-12 13:16:09.022236 ,0.422869,0.022939,0.0,0,0,0.0
2020-12-12 13:16:10.115691 ,0.426239,0.021941,0.001994,0,0,0.000997
2020-12-12 13:16:10.603388 ,0.455781,0.022938,0.00099,0,0,0.0
2020-12-12 13:16:11.076129 ,0.437832,0.02693,0.005982999999999999,0.0039900000000000005,0,0.000996
2020-12-12 13:16:11.546835 ,0.429818,0.028921,0.001993,0,0,0.0
2020-12-12 13:16:14.502208 ,0.420724,0.028923,0.000997,0.0,0,0.0
2020-12-12 13:16:15.689831 ,0.413829,0.023945,0.002987,0.001987,0,0.0
2020-12-12 13:16:17.872961 ,0.392949,0.035908,0.01197,0.011969999999999998,0,0.0
2020-12-12 13:16:18.400562 ,0.490692,0.026928,0.0,0,0,0.0
2020-12-12 13:16:18.869308 ,0.424864,0.026928,0.0,0,0,0.0
2020-12-12 13:16:19.315119 ,0.408918,0.023928,0.0,0.0,0,0.0
2020-12-12 13:16:22.831505 ,0.472735,0.028922,0.005993000000000001,0.005993000000000001,0,0.0
2020-12-12 13:16:23.315752 ,0.444346,0.028928,0.000996,0.0,0,0.0
2020-12-12 13:16:23.796398 ,0.441754,0.026928,0.0,0,0,0.0
2020-12-12 13:16:24.330968 ,0.496671,0.030918,0.000998,0,0,0.0
2020-12-12 13:16:25.850846 ,0.400436,0.020944,0.000999,0,0,0.000999
2020-12-12 13:16:26.295661 ,0.4139,0.019947,0.001989,0.0,0,0.0
2020-12-12 13:16:26.790346 ,0.454785,0.022943,0.0,0,0,0.0
2020-12-12 13:16:27.208259 ,0.39099,0.019948,0.000997,0,0,0.0
2020-12-12 13:16:28.571614 ,0.483712,0.022921,0.000997,0,0,0.0
2020-12-12 13:16:29.809129 ,0.45479,0.026918,0.001988,0.0,0,0.001988
2020-12-12 13:16:30.295827 ,0.456777,0.022937,0.000997,0,0,0.000997
2020-12-12 13:16:30.838697 ,0.503973,0.032912,0.001993,0.0,0,0.000997
2020-12-12 13:16:31.400195 ,0.527589,0.023936,0.001005,0,0,0.001005
2020-12-12 13:16:32.491284 ,0.441817,0.021943,0.0,0,0,0.0
2020-12-12 13:16:32.988953 ,0.401929,0.082776,0.06282199999999999,0.06182699999999999,0,0.0
2020-12-12 13:16:33.458831 ,0.41603,0.033907,0.000992,0,0,0.000992
2020-12-12 13:16:33.966474 ,0.46975,0.019941,0.000999,0,0,0.0
2020-12-12 13:16:35.205456 ,0.417885,0.020943,0.0,0,0,0.0
2020-12-12 13:16:35.688680 ,0.43236,0.036902,0.0,0,0,0.0
2020-12-12 13:16:36.276110 ,0.543554,0.026922,0.001002,0,0,0.0
2020-12-12 13:16:36.721917 ,0.408908,0.020942,0.0,0,0,0.0
2020-12-12 13:16:37.954986 ,0.40642,0.029919,0.0,0,0,0.0
2020-12-12 13:16:40.029176 ,0.394704,0.030893,0.0,0.0,0,0.0
2020-12-12 13:16:40.483768 ,0.421679,0.023936,0.0,0,0,0.0
2020-12-12 13:16:40.928578 ,0.410902,0.016953,0.0,0,0,0.0
2020-12-12 13:16:41.378818 ,0.413338,0.024933,0.000991,0,0,0.0
2020-12-12 13:16:42.675599 ,0.42559,0.024931,0.000998,0,0,0.0
2020-12-12 13:16:43.111434 ,0.40392,0.018949,0.0,0,0,0.0
2020-12-12 13:16:43.568214 ,0.41988,0.021939,0.0,0.0,0,0.0
2020-12-12 13:16:44.060653 ,0.44955,0.031918,0.0019950000000000002,0.0,0,0.000997
2020-12-12 13:16:45.866156 ,0.41643,0.023909,0.000998,0.0,0,0.0
2020-12-12 13:16:46.954282 ,0.387009,0.023934,0.0,0,0,0.0
2020-12-12 13:16:48.075285 ,0.412908,0.034893,0.000999,0,0,0.0
2020-12-12 13:16:49.439819 ,0.500659,0.036901,0.0,0,0,0.0
2020-12-12 13:16:51.254504 ,0.42358,0.024935,0.0,0,0,0.0
2020-12-12 13:16:51.726241 ,0.439824,0.023936,0.001994,0,0,0.0
2020-12-12 13:16:52.188012 ,0.420875,0.025932,0.0029920000000000003,0.0,0,0.0019950000000000002
2020-12-12 13:16:52.649799 ,0.427885,0.026922,0.001969,0,0,0.000971
2020-12-12 13:16:54.214165 ,0.418423,0.028924,0.001999,0.0,0,0.0
2020-12-12 13:16:54.649003 ,0.405916,0.020944,0.002991,0.0019950000000000002,0,0.0
2020-12-12 13:16:55.085834 ,0.398932,0.02593,0.001994,0.0,0,0.0
2020-12-12 13:16:55.546144 ,0.419417,0.031916,0.0019979999999999998,0,0,0.001003
2020-12-12 13:16:56.646750 ,0.400939,0.029914,0.002987,0.0,0,0.0
2020-12-12 13:16:57.111017 ,0.419386,0.029919,0.000995,0,0,0.000995
2020-12-12 13:16:57.583754 ,0.431847,0.027925,0.001994,0.0,0,0.0
2020-12-12 13:16:58.037749 ,0.406905,0.02992,0.0,0,0,0.0
2020-12-12 13:16:59.297399 ,0.47723,0.031915,0.000998,0,0,0.0
2020-12-12 13:17:00.479061 ,0.594411,0.022939,0.0,0,0,0.0
2020-12-12 13:17:01.142358 ,0.611438,0.043882,0.000997,0,0,0.000997
2020-12-12 13:17:01.802156 ,0.612739,0.035094,0.001007,0,0,0.0
2020-12-12 13:17:03.001458 ,0.438826,0.023935,0.000998,0.0,0,0.000998
2020-12-12 13:17:03.468725 ,0.419388,0.029924,0.0,0,0,0.0
2020-12-12 13:17:03.915527 ,0.411908,0.023927,0.0,0,0,0.0
2020-12-12 13:17:04.341894 ,0.393457,0.022938,0.000997,0,0,0.0
2020-12-12 13:17:05.563661 ,0.405916,0.029919,0.0060409999999999995,0.006041000000000001,0,0.0
2020-12-12 13:17:05.999529 ,0.398968,0.022937,0.00297,0.00297,0,0.0
2020-12-12 13:17:06.429940 ,0.397979,0.024445,0.004508,0.001516,0,0.0
2020-12-12 13:17:06.921626 ,0.447801,0.029919,0.000997,0,0,0.0
2020-12-12 13:17:09.264556 ,0.451929,0.026928,0.000997,0.000997,0,0.0
2020-12-12 13:17:10.508650 ,0.396362,0.024929,0.000998,0.0,0,0.0
2020-12-12 13:17:10.918555 ,0.383972,0.020944,0.0,0,0,0.0
2020-12-12 13:17:11.359375 ,0.413892,0.019946,0.001002,0,0,0.0
2020-12-12 13:17:11.790992 ,0.392718,0.028925,0.000999,0,0,0.0
2020-12-12 13:17:12.957916 ,0.384975,0.023929,0.0,0.0,0,0.0
2020-12-12 13:17:13.370165 ,0.381333,0.024931,0.000967,0,0,0.0
2020-12-12 13:17:13.829936 ,0.42985,0.020947,0.0,0,0,0.0
2020-12-12 13:17:14.253804 ,0.385967,0.02992,0.000997,0,0,0.0
2020-12-12 13:17:15.468871 ,0.434837,0.026928,0.0,0,0,0.0
2020-12-12 13:17:15.931954 ,0.431166,0.022937,0.000997,0,0,0.000997
2020-12-12 13:17:16.388728 ,0.425857,0.02294,0.0,0,0,0.0
2020-12-12 13:17:16.825193 ,0.401552,0.027932,0.0,0,0,0.0
2020-12-12 13:17:18.632437 ,0.408439,0.028925,0.000997,0,0,0.0
2020-12-12 13:17:20.359624 ,0.488694,0.036902,0.0,0,0,0.0
2020-12-12 13:17:21.875481 ,0.441345,0.023937,0.0,0,0,0.0
2020-12-12 13:17:22.355831 ,0.442453,0.026927,0.000997,0,0,0.0
2020-12-12 13:17:22.893394 ,0.490688,0.037898,0.013963999999999999,0.013964,0,0.0
2020-12-12 13:17:23.451537 ,0.51359,0.025603,0.001996,0,0,0.0
2020-12-12 13:17:26.026174 ,0.426,0.025931,0.000997,0.000997,0,0.0
2020-12-12 13:17:26.476574 ,0.407513,0.031915,0.001988,0,0,0.0
2020-12-12 13:17:26.931389 ,0.415874,0.026937,0.0,0,0,0.0
2020-12-12 13:17:27.394120 ,0.425862,0.027924,0.001023,0,0,0.0
2020-12-12 13:17:28.764267 ,0.47572,0.030915,0.000998,0,0,0.0
2020-12-12 13:17:29.229032 ,0.428861,0.023936,0.0,0,0,0.0
2020-12-12 13:17:29.687805 ,0.423867,0.026928,0.0,0,0,0.0
2020-12-12 13:17:30.946402 ,0.475721,0.030918,0.000997,0,0,0.000997
2020-12-12 13:17:32.292456 ,0.473733,0.034906,0.000998,0,0,0.0
2020-12-12 13:17:32.759715 ,0.43535,0.025924,0.0,0,0,0.0
2020-12-12 13:17:33.215010 ,0.420387,0.02194,0.002991,0.000997,0,0.001994
2020-12-12 13:17:33.686574 ,0.430675,0.030916,0.0019950000000000002,0.0,0,0.0
2020-12-12 13:17:34.960641 ,0.418888,0.028915,0.0,0,0,0.0
2020-12-12 13:17:35.441505 ,0.441955,0.030918,0.0,0,0,0.0
2020-12-12 13:17:35.879325 ,0.403931,0.028908,0.000998,0.0,0,0.000998
2020-12-12 13:17:36.327129 ,0.4109,0.028924,0.0,0,0,0.0
2020-12-12 13:17:37.961714 ,0.405135,0.025432,0.0,0,0,0.0
2020-12-12 13:17:38.402904 ,0.412271,0.022938,0.002993,0.002993,0,0.0
2020-12-12 13:17:38.748979 ,0.32114,0.014961,0.000997,0,0,0.0
2020-12-12 13:17:39.163878 ,0.377998,0.030917,0.0,0,0,0.0
2020-12-12 13:17:41.918859 ,0.595407,0.043885,0.0,0,0,0.0
2020-12-12 13:17:44.407958 ,0.50665,0.03191,0.0,0,0,0.0
2020-12-12 13:17:44.971443 ,0.5236,0.032912,0.0019960000000000004,0.000997,0,0.0
2020-12-12 13:17:46.423589 ,0.536547,0.033911,0.00199,0,0,0.000994
2020-12-12 13:17:47.100157 ,0.626694,0.042887,0.0,0,0,0.0
2020-12-12 13:17:49.414593 ,0.451032,0.028921,0.0019960000000000004,0,0,0.000999
2020-12-12 13:17:49.884119 ,0.42936,0.026929,0.0,0,0,0.0
2020-12-12 13:17:50.396638 ,0.472626,0.027925,0.0,0,0,0.0
2020-12-12 13:17:50.929511 ,0.492977,0.030919,0.004984000000000001,0.0029920000000000003,0,0.000998
2020-12-12 13:17:53.903780 ,0.423866,0.146498,0.127542,0.12654700000000002,0,0.000995
2020-12-12 13:17:54.414416 ,0.468745,0.024934,0.0,0,0,0.0
2020-12-12 13:17:54.907098 ,0.453786,0.024933,0.000997,0,0,0.000997
2020-12-12 13:17:55.336406 ,0.395397,0.023936,0.0039889999999999995,0.0039889999999999995,0,0.0
2020-12-12 13:17:56.736660 ,0.433866,0.024934,0.0019950000000000002,0,0,0.0
2020-12-12 13:17:58.069606 ,0.545542,0.033908,0.000997,0,0,0.0
2020-12-12 13:18:00.373853 ,0.458775,0.019945,0.000997,0.000997,0,0.0
2020-12-12 13:18:00.818218 ,0.4119,0.023489,0.0,0.0,0,0.0
2020-12-12 13:18:01.284073 ,0.422969,0.026929,0.000997,0,0,0.0
2020-12-12 13:18:01.786729 ,0.469745,0.023935,0.000997,0,0,0.0
2020-12-12 13:18:03.420786 ,0.429855,0.019942,0.002007,0.002007,0,0.0
2020-12-12 13:18:03.890919 ,0.439215,0.019947,0.0,0,0,0.0
2020-12-12 13:18:04.418018 ,0.491196,0.023935,0.000994,0.0,0,0.0
2020-12-12 13:18:04.833920 ,0.383975,0.019959,0.000998,0.000998,0,0.0
2020-12-12 13:18:05.826470 ,0.387202,0.133609,0.115697,0.115697,0,0.0
2020-12-12 13:18:06.263719 ,0.407328,0.019948,0.0,0,0,0.0
2020-12-12 13:18:06.728623 ,0.426975,0.025931,0.001988,0.001988,0,0.0
2020-12-12 13:18:08.352888 ,0.452096,0.020944,0.000997,0,0,0.0
2020-12-12 13:18:09.669892 ,0.455872,0.068815,0.050866999999999996,0.04987,0,0.000997
2020-12-12 13:18:10.139637 ,0.432845,0.02593,0.0,0,0,0.0
2020-12-12 13:18:10.608385 ,0.428854,0.025932,0.0039900000000000005,0.0019950000000000002,0,0.0
2020-12-12 13:18:11.065087 ,0.421798,0.021941,0.001988,0,0,0.001988
2020-12-12 13:18:12.312288 ,0.425035,0.022938,0.000995,0,0,0.0
2020-12-12 13:18:12.782035 ,0.440822,0.020946,0.001994,0.000998,0,0.0
2020-12-12 13:18:13.218865 ,0.407907,0.016954,0.0,0,0,0.0
2020-12-12 13:18:13.645722 ,0.394942,0.022939,0.001991,0.000994,0,0.0
2020-12-12 13:18:14.805953 ,0.389468,0.047697,0.030729999999999997,0.028729,0,0.001004
2020-12-12 13:18:15.309090 ,0.4732,0.021941,0.001994,0,0,0.000997
2020-12-12 13:18:15.717979 ,0.383013,0.016918,0.001023,0,0,0.001023
2020-12-12 13:18:16.147830 ,0.397938,0.017949,0.0,0,0,0.0
2020-12-12 13:18:18.397096 ,0.397944,0.020936,0.001997,0,0,0.000998
2020-12-12 13:18:20.105166 ,0.413888,0.019947,0.000997,0,0,0.0
2020-12-12 13:18:20.524593 ,0.384553,0.025931,0.000997,0,0,0.000997
2020-12-12 13:18:20.988965 ,0.421473,0.032926,0.0019950000000000002,0.000997,0,0.0
2020-12-12 13:18:21.423789 ,0.403921,0.023935,0.0019950000000000002,0,0,0.000998
2020-12-12 13:18:22.592584 ,0.396939,0.021942,0.000998,0,0,0.0
2020-12-12 13:18:23.034415 ,0.402929,0.028931,0.0019839999999999997,0,0,0.000993
2020-12-12 13:18:23.496000 ,0.431672,0.020944,0.0,0,0,0.0
2020-12-12 13:18:23.955769 ,0.424865,0.023933,0.000996,0,0,0.0
2020-12-12 13:18:25.055929 ,0.426956,0.030916,0.012975999999999998,0.010974999999999999,0,0.0
2020-12-12 13:18:25.493762 ,0.40791,0.021945,0.002995,0,0,0.000993
2020-12-12 13:18:25.925392 ,0.401712,0.020944,0.003001,0,0,0.0
2020-12-12 13:18:26.788091 ,0.419872,0.015957,0.0,0,0,0.0
2020-12-12 13:18:27.970500 ,0.423866,0.017953,0.0019890000000000003,0,0,0.0
2020-12-12 13:18:28.978768 ,0.498019,0.022939,0.001992,0,0,0.0
2020-12-12 13:18:30.299894 ,0.485827,0.047872,0.031921000000000005,0.029925999999999998,0,0.0
2020-12-12 13:18:30.792901 ,0.457101,0.020946,0.0029969999999999997,0.001001,0,0.0
2020-12-12 13:18:31.253185 ,0.420389,0.020945,0.0,0,0,0.0
2020-12-12 13:18:31.674075 ,0.392967,0.015957,0.000997,0,0,0.0
2020-12-12 13:18:34.058295 ,0.389958,0.02194,0.001986,0,0,0.0
2020-12-12 13:18:34.544989 ,0.440827,0.02992,0.0,0,0,0.0
2020-12-12 13:18:34.958391 ,0.388467,0.013964,0.0019950000000000002,0.0019950000000000002,0,0.0
2020-12-12 13:18:35.371814 ,0.389487,0.016955,0.0,0,0,0.0
2020-12-12 13:18:36.633040 ,0.415485,0.079787,0.060831,0.05883700000000001,0,0.0
2020-12-12 13:18:37.837146 ,0.410332,0.017952,0.0,0,0,0.0
2020-12-12 13:18:38.361744 ,0.488698,0.019943,0.002988,0.0019950000000000002,0,0.0
2020-12-12 13:18:38.796312 ,0.402652,0.01895,0.0019950000000000002,0,0,0.0
2020-12-12 13:18:39.325244 ,0.490041,0.024927,0.000996,0,0,0.000996
2020-12-12 13:18:40.630678 ,0.439845,0.212428,0.192493,0.1904959999999999,0,0.0
2020-12-12 13:18:41.057536 ,0.388967,0.016948,0.0019960000000000004,0,0,0.000997
2020-12-12 13:18:41.522293 ,0.425862,0.027924,0.001993,0,0,0.0
2020-12-12 13:18:42.601811 ,0.417884,0.091755,0.072806,0.070808,0,0.0
2020-12-12 13:18:43.063576 ,0.420876,0.020944,0.0,0,0,0.0
2020-12-12 13:18:43.507795 ,0.406321,0.020944,0.0,0,0,0.0
2020-12-12 13:18:44.778177 ,0.459556,0.018942,0.0,0,0,0.0
2020-12-12 13:18:46.233382 ,0.532667,0.020944,0.001992,0,0,0.000998
2020-12-12 13:18:46.776928 ,0.492682,0.02992,0.0,0,0,0.0
2020-12-12 13:18:47.345786 ,0.518994,0.02194,0.0,0,0,0.0
2020-12-12 13:18:47.845451 ,0.466752,0.023936,0.0,0,0,0.0
2020-12-12 13:18:49.972680 ,0.407001,0.017952,0.0,0,0,0.0
2020-12-12 13:18:50.463810 ,0.459215,0.024935,0.0,0,0,0.0
2020-12-12 13:18:50.938539 ,0.445809,0.018949,0.0,0,0,0.0
2020-12-12 13:18:51.375087 ,0.404111,0.020469,0.0,0,0,0.0
2020-12-12 13:18:52.553935 ,0.379981,0.022936,0.000996,0,0,0.0
2020-12-12 13:18:52.987776 ,0.40392,0.017953,0.0,0,0,0.0
2020-12-12 13:18:53.413639 ,0.389958,0.017953,0.0,0,0,0.0
2020-12-12 13:18:53.829525 ,0.384956,0.019976,0.0,0,0,0.0
2020-12-12 13:18:54.980982 ,0.405924,0.019937,0.0,0,0,0.0
2020-12-12 13:18:56.647836 ,0.450745,0.023934,0.001001,0,0,0.001001
2020-12-12 13:18:57.686065 ,0.42686,0.020945,0.0,0,0,0.0
2020-12-12 13:18:58.910417 ,0.447803,0.027925,0.0049830000000000004,0.003989,0,0.0
2020-12-12 13:18:59.890942 ,0.36018,0.018949,0.000988,0.0,0,0.000988
2020-12-12 13:19:00.456440 ,0.530582,0.027934,0.000998,0,0,0.0
2020-12-12 13:19:00.944128 ,0.442818,0.029919,0.000997,0,0,0.0
2020-12-12 13:19:02.997993 ,0.387963,0.024933,0.000997,0,0,0.000997
2020-12-12 13:19:03.462751 ,0.426856,0.024934,0.0,0,0,0.0
2020-12-12 13:19:03.918979 ,0.41633,0.02793,0.004983,0.004983,0,0.0
2020-12-12 13:19:04.379768 ,0.428877,0.023936,0.0,0,0,0.0
2020-12-12 13:19:05.987337 ,0.415399,0.023936,0.002015,0.0,0,0.0
2020-12-12 13:19:06.432147 ,0.417885,0.018947,0.0,0,0,0.0
2020-12-12 13:19:06.905448 ,0.437396,0.026929,0.0,0,0,0.0
2020-12-12 13:19:07.416280 ,0.47792,0.019947,0.0,0,0,0.0
2020-12-12 13:19:08.672168 ,0.417188,0.02593,0.001994,0,0,0.000997
2020-12-12 13:19:09.852142 ,0.4488,0.022945,0.003987,0.0019890000000000003,0,0.0
2020-12-12 13:19:10.389565 ,0.494549,0.024933,0.001005,0,0,0.0
2020-12-12 13:19:10.894217 ,0.475725,0.020944,0.00099,0,0,0.0
2020-12-12 13:19:11.489731 ,0.565594,0.019948,0.000997,0,0,0.0
2020-12-12 13:19:13.355765 ,0.448162,0.017951,0.000998,0,0,0.0
2020-12-12 13:19:13.813057 ,0.42737,0.020945,0.0,0,0,0.0
2020-12-12 13:19:14.261855 ,0.422877,0.018943,0.0,0,0,0.0
2020-12-12 13:19:14.720804 ,0.431023,0.016955,0.000998,0,0,0.0
2020-12-12 13:19:16.003810 ,0.456772,0.019945,0.0,0,0,0.0
2020-12-12 13:19:16.446135 ,0.41041,0.018949,0.0,0,0,0.0
2020-12-12 13:19:16.978796 ,0.493758,0.027932,0.0019950000000000002,0,0,0.0
2020-12-12 13:19:17.514794 ,0.495104,0.020939,0.000996,0.0,0,0.0
2020-12-12 13:19:18.733944 ,0.42775,0.022937,0.001992,0,0,0.0
2020-12-12 13:19:20.867536 ,0.427856,0.021944,0.0,0,0,0.0
2020-12-12 13:19:22.003677 ,0.401963,0.024935,0.0,0.0,0,0.0
2020-12-12 13:19:22.532264 ,0.48969,0.025932,0.001005,0,0,0.0
2020-12-12 13:19:23.028938 ,0.457803,0.023912,0.000998,0,0,0.0
2020-12-12 13:19:23.496412 ,0.429072,0.026431,0.000995,0,0,0.0
2020-12-12 13:19:24.828856 ,0.420879,0.020944,0.0,0,0,0.0
2020-12-12 13:19:25.293614 ,0.428854,0.021941,0.0,0,0,0.0
2020-12-12 13:19:25.740420 ,0.411902,0.021938,0.000998,0.0,0,0.0
2020-12-12 13:19:26.205413 ,0.423106,0.027926,0.001006,0,0,0.0
2020-12-12 13:19:28.037305 ,0.379984,0.028924,0.0,0,0,0.0
2020-12-12 13:19:28.491599 ,0.419389,0.027925,0.002001,0.002001,0,0.0
2020-12-12 13:19:28.960947 ,0.433437,0.025938,0.0,0,0,0.0
2020-12-12 13:19:29.400766 ,0.408906,0.021943,0.0,0,0,0.0
2020-12-12 13:19:31.164949 ,0.409904,0.023937,0.0,0,0,0.0
2020-12-12 13:19:32.955185 ,0.509149,0.03092,0.001993,0.0,0,0.0
2020-12-12 13:19:33.469807 ,0.474731,0.030916,0.000996,0,0,0.000996
2020-12-12 13:19:33.964511 ,0.452813,0.031918,0.001008,0,0,0.0
2020-12-12 13:19:34.894125 ,0.420875,0.01895,0.0,0,0,0.0
2020-12-12 13:19:35.348420 ,0.415404,0.02493,0.0,0,0,0.0
2020-12-12 13:19:35.783090 ,0.398764,0.021941,0.0,0,0,0.0
2020-12-12 13:19:36.916731 ,0.404431,0.020945,0.000996,0,0,0.0
2020-12-12 13:19:37.349959 ,0.404306,0.015958,0.0,0,0,0.0
2020-12-12 13:19:37.821699 ,0.427857,0.024933,0.004988,0.004988,0,0.0
2020-12-12 13:19:38.290820 ,0.42923,0.026926,0.0,0,0,0.0
2020-12-12 13:19:40.797329 ,0.41888,0.024933,0.001994,0.000997,0,0.0
2020-12-12 13:19:41.996270 ,0.433842,0.024933,0.0,0,0,0.0
2020-12-12 13:19:42.530839 ,0.50665,0.02094,0.0,0,0,0.0
2020-12-12 13:19:42.996251 ,0.433497,0.023935,0.0,0,0,0.0
2020-12-12 13:19:43.514883 ,0.477742,0.022939,0.000997,0,0,0.0
2020-12-12 13:19:44.845355 ,0.4957,0.019948,0.0,0.0,0,0.0
2020-12-12 13:19:45.338038 ,0.447802,0.034906,0.008018,0.005024000000000001,0,0.0
2020-12-12 13:19:45.849891 ,0.478724,0.019166,0.001996,0.000998,0,0.0
2020-12-12 13:19:46.315647 ,0.427856,0.028923,0.0,0,0,0.0
2020-12-12 13:19:47.365451 ,0.470353,0.022938,0.0,0,0,0.0
2020-12-12 13:19:47.824224 ,0.423865,0.026929,0.000995,0,0,0.0
2020-12-12 13:19:48.455419 ,0.562378,0.03391,0.0,0,0,0.0
2020-12-12 13:19:49.659473 ,0.409886,0.030917,0.0,0,0,0.0
2020-12-12 13:19:50.863677 ,0.455092,0.028922,0.0,0,0,0.0
2020-12-12 13:19:52.089765 ,0.428856,0.019943,0.0,0,0,0.0
2020-12-12 13:19:52.566922 ,0.437262,0.024933,0.00201,0,0,0.00101
2020-12-12 13:19:53.016719 ,0.410902,0.023936,0.001996,0.000998,0,0.0
2020-12-12 13:19:53.440866 ,0.400208,0.017955,0.000998,0,0,0.0
2020-12-12 13:19:55.802123 ,0.433841,0.020943,0.001973,0.001973,0,0.0
2020-12-12 13:19:56.292811 ,0.454786,0.029919,0.000999,0,0,0.000999
2020-12-12 13:19:56.780012 ,0.453291,0.020944,0.000999,0,0,0.0
2020-12-12 13:19:57.250753 ,0.439824,0.020943,0.0019820000000000003,0,0,0.000985
2020-12-12 13:19:58.214645 ,0.433308,0.033919,0.006997999999999999,0.006997999999999999,0,0.0
2020-12-12 13:19:58.676409 ,0.42485,0.025931,0.0,0,0,0.0
2020-12-12 13:19:59.137653 ,0.421348,0.02693,0.0,0,0,0.0
2020-12-12 13:20:00.559291 ,0.582347,0.035442,0.000997,0,0,0.0
2020-12-12 13:20:01.622847 ,0.419278,0.039894,0.0019950000000000002,0.0,0,0.0
2020-12-12 13:20:02.170391 ,0.501664,0.03092,0.000998,0,0,0.0
2020-12-12 13:20:02.625172 ,0.419877,0.025931,0.0,0,0,0.0
2020-12-12 13:20:03.833941 ,0.432844,0.025929,0.001993,0,0,0.0
2020-12-12 13:20:04.323886 ,0.456034,0.023937,0.001994,0.001994,0,0.0
2020-12-12 13:20:04.767868 ,0.415059,0.019948,0.0,0,0,0.0
2020-12-12 13:20:05.245589 ,0.432849,0.032906,0.000997,0,0,0.000997
2020-12-12 13:20:06.505764 ,0.454785,0.020944,0.000996,0,0,0.0
2020-12-12 13:20:06.959425 ,0.419751,0.020943,0.0,0,0,0.0
2020-12-12 13:20:07.539386 ,0.540069,0.029919,0.001001,0,0,0.0
2020-12-12 13:20:07.995169 ,0.421874,0.021941,0.000998,0,0,0.0
2020-12-12 13:20:09.237473 ,0.422881,0.022927,0.0030080000000000003,0,0,0.0
2020-12-12 13:20:11.358090 ,0.411802,0.021941,0.0,0,0,0.0
2020-12-12 13:20:11.812874 ,0.419877,0.022939,0.0,0.0,0,0.0
2020-12-12 13:20:12.269087 ,0.427286,0.020945,0.000996,0,0,0.0
2020-12-12 13:20:12.773547 ,0.464566,0.024933,0.001003,0,0,0.0
2020-12-12 13:20:13.908603 ,0.54862,0.022936,0.001989,0,0,0.0
2020-12-12 13:20:14.396298 ,0.454785,0.024933,0.001003,0.0,0,0.0
2020-12-12 13:20:14.830143 ,0.395946,0.022939,0.0,0,0,0.0
2020-12-12 13:20:16.078927 ,0.423866,0.025116,0.0,0,0,0.0
2020-12-12 13:20:16.531716 ,0.419878,0.022938,0.0,0,0,0.0
2020-12-12 13:20:17.005998 ,0.435384,0.022939,0.0,0,0,0.0
2020-12-12 13:20:17.505714 ,0.468792,0.023943,0.000993,0,0,0.0
2020-12-12 13:20:19.545720 ,0.421336,0.01895,0.002989,0.0,0,0.001992
2020-12-12 13:20:21.226908 ,0.505626,0.02693,0.000995,0,0,0.0
2020-12-12 13:20:23.056018 ,0.384969,0.021943,0.00499,0.00499,0,0.0
2020-12-12 13:20:24.854240 ,0.638298,0.033914,0.000997,0,0,0.000997
2020-12-12 13:20:25.371864 ,0.472743,0.030927,0.0,0,0,0.0
2020-12-12 13:20:25.849803 ,0.44205,0.025926,0.0,0.0,0,0.0
2020-12-12 13:20:26.289628 ,0.396966,0.023909,0.0,0.0,0,0.0
2020-12-12 13:20:27.258383 ,0.454295,0.020944,0.0,0.0,0,0.0
2020-12-12 13:20:27.710176 ,0.420883,0.022932,0.000998,0,0,0.000998
2020-12-12 13:20:28.190203 ,0.428167,0.028923,0.000997,0,0,0.000997
2020-12-12 13:20:29.168062 ,0.431319,0.021942,0.0,0,0,0.0
2020-12-12 13:20:29.708081 ,0.505112,0.022939,0.0,0,0,0.0
2020-12-12 13:20:30.154400 ,0.417393,0.020949,0.0,0,0,0.0
2020-12-12 13:20:31.397417 ,0.431059,0.024444,0.0,0,0,0.0
2020-12-12 13:20:32.667592 ,0.427891,0.022964,0.0,0,0,0.0
2020-12-12 13:20:33.147647 ,0.441818,0.017952,0.0,0,0,0.0
2020-12-12 13:20:33.624619 ,0.443063,0.017952,0.0019950000000000002,0,0,0.000998
2020-12-12 13:20:34.095381 ,0.43036,0.030429,0.001997,0.000998,0,0.0
2020-12-12 13:20:36.081074 ,0.403919,0.025932,0.003988,0.003988,0,0.0
2020-12-12 13:20:36.553824 ,0.440837,0.022939,0.0019950000000000002,0,0,0.000997
2020-12-12 13:20:37.005948 ,0.417206,0.026927,0.0,0,0,0.0
2020-12-12 13:20:37.499629 ,0.459772,0.026927,0.000997,0.0,0,0.0
2020-12-12 13:20:38.768502 ,0.46376,0.027925,0.000997,0,0,0.0
2020-12-12 13:20:39.247400 ,0.445985,0.021942,0.0019960000000000004,0,0,0.000999
2020-12-12 13:20:39.743381 ,0.467546,0.02245,0.0015170000000000001,1.3e-05,0,0.0
2020-12-12 13:20:40.268484 ,0.485212,0.024937,0.001016,0,0,0.001016
2020-12-12 13:20:41.581682 ,0.480228,0.022938,0.000999,0,0,0.000999
2020-12-12 13:20:42.980397 ,0.483351,0.032913,0.010963999999999998,0.010964,0,0.0
2020-12-12 13:20:43.461112 ,0.435837,0.031913,0.0,0,0,0.0
2020-12-12 13:20:43.960097 ,0.464084,0.021936,0.003992,0.002993,0,0.0
2020-12-12 13:20:44.414601 ,0.42295,0.017946,0.0,0,0,0.0
2020-12-12 13:20:45.645350 ,0.448325,0.020944,0.000997,0,0,0.0
2020-12-12 13:20:46.133035 ,0.455782,0.018949,0.0,0,0,0.0
2020-12-12 13:20:46.574855 ,0.405915,0.019948,0.000995,0,0,0.0
2020-12-12 13:20:47.027821 ,0.414068,0.022941,0.0,0,0,0.0
2020-12-12 13:20:48.206188 ,0.427859,0.021939,0.0,0,0,0.0
2020-12-12 13:20:48.673445 ,0.432354,0.019948,0.000998,0,0,0.0
2020-12-12 13:20:49.152166 ,0.445805,0.025931,0.001007,0,0,0.0
2020-12-12 13:20:49.614011 ,0.432352,0.022512,0.000998,0,0,0.0
2020-12-12 13:20:51.419199 ,0.478248,0.025926,0.001994,0,0,0.0
2020-12-12 13:20:54.990460 ,0.41888,0.022938,0.000997,0,0,0.0
2020-12-12 13:20:57.261184 ,0.447585,0.030007,0.000994,0,0,0.0
2020-12-12 13:20:57.696539 ,0.410416,0.016954,0.0,0,0,0.0
2020-12-12 13:20:58.159670 ,0.431217,0.026927,0.000997,0.0,0,0.0
2020-12-12 13:20:59.988168 ,0.40567,0.021455,0.0,0,0,0.0
2020-12-12 13:21:00.491835 ,0.47575,0.018948,0.0,0,0,0.0
2020-12-12 13:21:00.929664 ,0.394936,0.02992,0.0,0,0,0.0
2020-12-12 13:21:01.373264 ,0.41268,0.023938,0.0,0,0,0.0
2020-12-12 13:21:02.657068 ,0.469744,0.02194,0.001003,0,0,0.0
2020-12-12 13:21:03.124877 ,0.4339,0.025931,0.0,0,0,0.0
2020-12-12 13:21:03.598611 ,0.43783,0.026928,0.001999,0,0,0.001999
2020-12-12 13:21:04.075575 ,0.442061,0.023934,0.000999,0,0,0.0
2020-12-12 13:21:05.250407 ,0.430848,0.024933,0.000998,0,0,0.0
2020-12-12 13:21:06.255538 ,0.452305,0.01895,0.0,0,0,0.0
2020-12-12 13:21:06.748227 ,0.450795,0.026933,0.000998,0,0,0.0
2020-12-12 13:21:07.208807 ,0.428665,0.02593,0.000998,0,0,0.0
2020-12-12 13:21:08.539425 ,0.468751,0.022034,0.000997,0,0,0.0
2020-12-12 13:21:08.983237 ,0.406916,0.019943,0.0,0,0,0.0
2020-12-12 13:21:09.591687 ,0.563573,0.037897,0.0049759999999999995,0.003979999999999999,0,0.000996
2020-12-12 13:21:10.078596 ,0.450006,0.020945,0.000997,0,0,0.0
2020-12-12 13:21:11.887101 ,0.478235,0.022939,0.000996,0,0,0.000996
2020-12-12 13:21:12.368807 ,0.443815,0.024935,0.0019950000000000002,0.0,0,0.0
2020-12-12 13:21:12.881737 ,0.469048,0.024935,0.0,0,0,0.0
2020-12-12 13:21:13.439248 ,0.489688,0.027926,0.003987,0.002991,0,0.0
2020-12-12 13:21:14.531872 ,0.432437,0.018945,0.0,0,0,0.0
2020-12-12 13:21:15.498288 ,0.436831,0.022938,0.0,0,0,0.0
2020-12-12 13:21:15.946751 ,0.417545,0.021942,0.0,0,0,0.0
2020-12-12 13:21:16.418490 ,0.430849,0.028922,0.001,0,0,0.0
2020-12-12 13:21:17.699050 ,0.46176,0.024933,0.000996,0,0,0.0
2020-12-12 13:21:18.145855 ,0.413894,0.016954,0.000999,0,0,0.0
2020-12-12 13:21:18.586129 ,0.39938,0.026928,0.0,0,0,0.0
2020-12-12 13:21:19.076327 ,0.450304,0.02593,0.0019950000000000002,0,0,0.000997
2020-12-12 13:21:20.582193 ,0.418881,0.019947,0.000997,0,0,0.0
2020-12-12 13:21:21.937134 ,0.470741,0.02593,0.0,0.0,0,0.0
2020-12-12 13:21:23.901493 ,0.406939,0.020916,0.002992,0.001997,0,0.0
2020-12-12 13:21:24.389840 ,0.448453,0.030918,0.000999,0.0,0,0.0
2020-12-12 13:21:24.829682 ,0.407929,0.022937,0.0,0,0,0.0
2020-12-12 13:21:25.289459 ,0.432843,0.020949,0.000996,0,0,0.0
2020-12-12 13:21:27.941344 ,0.59441,0.031916,0.000996,0,0,0.0
2020-12-12 13:21:28.555214 ,0.560014,0.036902,0.0,0,0,0.0
2020-12-12 13:21:29.216379 ,0.612294,0.023937,0.0,0,0,0.0
2020-12-12 13:21:29.839223 ,0.587938,0.023936,0.0,0.0,0,0.0
2020-12-12 13:21:31.970869 ,0.440039,0.024933,0.0,0,0,0.0
2020-12-12 13:21:32.375786 ,0.373999,0.017952,0.0,0,0,0.0
2020-12-12 13:21:32.852512 ,0.446807,0.022938,0.003992000000000001,0.003992000000000001,0,0.0
2020-12-12 13:21:33.224868 ,0.346425,0.019947,0.000997,0,0,0.0
2020-12-12 13:21:34.377959 ,0.330117,0.020944,0.0,0,0,0.0
2020-12-12 13:21:35.421303 ,0.297206,0.019947,0.000997,0,0,0.0
2020-12-12 13:21:35.761393 ,0.315156,0.016956,0.000966,0,0,0.0
2020-12-12 13:21:36.113451 ,0.315189,0.018916,0.0020210000000000002,0,0,0.0
2020-12-12 13:21:36.486485 ,0.345079,0.019946,0.001027,0,0,0.0
2020-12-12 13:21:37.646385 ,0.322138,0.016954,0.0,0,0,0.0
2020-12-12 13:21:38.003934 ,0.326634,0.017952,0.0,0,0,0.0
2020-12-12 13:21:38.342030 ,0.313162,0.016955,0.0,0,0,0.0
2020-12-12 13:21:40.152778 ,0.292252,0.018916,0.0,0,0,0.0
2020-12-12 13:21:40.482930 ,0.300199,0.021942,0.0,0,0,0.0
2020-12-12 13:21:40.817246 ,0.311376,0.017954,0.0,0,0,0.0
2020-12-12 13:21:41.146366 ,0.302193,0.01496,0.001993,0,0,0.001993
2020-12-12 13:21:41.975100 ,0.301175,0.016925,0.000998,0,0,0.0
2020-12-12 13:21:44.101004 ,0.28848,0.016961,3.5e-05,0,0,0.0
2020-12-12 13:21:44.428132 ,0.30319,0.017917,0.0,0,0,0.0
2020-12-12 13:21:44.754261 ,0.300197,0.017953,0.004986,0.004986,0,0.0
2020-12-12 13:21:45.079423 ,0.301229,0.016951,0.0,0,0,0.0
2020-12-12 13:21:46.067980 ,0.323648,0.013994,0.0,0,0,0.0
2020-12-12 13:21:46.379390 ,0.290464,0.014992,0.0,0,0,0.0
2020-12-12 13:21:46.719316 ,0.312808,0.013962,0.0,0,0,0.0
2020-12-12 13:21:47.837614 ,0.305186,0.013992,0.0,0,0,0.0
2020-12-12 13:21:48.897790 ,0.284276,0.013964,0.0019950000000000002,0,0,0.0
2020-12-12 13:21:49.906976 ,0.296204,0.016954,0.0019950000000000002,0.000997,0,0.0
2020-12-12 13:21:50.922489 ,0.287449,0.015928,0.0,0,0,0.0
2020-12-12 13:21:51.263006 ,0.312597,0.019941,0.000997,0,0,0.0
2020-12-12 13:21:51.586344 ,0.295413,0.020948,0.000996,0.0,0,0.0
2020-12-12 13:21:51.922916 ,0.316659,0.013963,0.0,0,0,0.0
2020-12-12 13:21:52.943205 ,0.293219,0.013963,0.000997,0,0,0.0
2020-12-12 13:21:53.274390 ,0.304257,0.015958,0.0,0.0,0,0.0
2020-12-12 13:21:53.622960 ,0.320646,0.017951,0.0,0,0,0.0
2020-12-12 13:21:53.980006 ,0.321142,0.023968,0.004989,0.004024,0,0.0
2020-12-12 13:21:56.182562 ,0.293207,0.012965,0.000997,0.000997,0,0.0
2020-12-12 13:21:56.540673 ,0.334142,0.016988,0.000997,0.0,0,0.0
2020-12-12 13:21:56.876207 ,0.314118,0.01347,0.000997,0,0,0.000997
2020-12-12 13:21:57.199851 ,0.300701,0.01496,0.0,0,0,0.0
2020-12-12 13:21:58.269564 ,0.303982,0.015954,0.000997,0,0,0.0
2020-12-12 13:21:59.398863 ,0.286265,0.012968,0.0,0.0,0,0.0
2020-12-12 13:21:59.770836 ,0.348069,0.013963,0.0,0,0,0.0
2020-12-12 13:22:00.101498 ,0.300481,0.017944,0.003989,0.002991,0,0.0
2020-12-12 13:22:00.434640 ,0.29621,0.017983,0.000999,0,0,0.0
2020-12-12 13:22:01.472838 ,0.302196,0.015959,0.0,0,0,0.0
2020-12-12 13:22:01.778624 ,0.284779,0.014984,0.0,0,0,0.0
2020-12-12 13:22:02.106293 ,0.308729,0.013993,0.0,0,0,0.0
2020-12-12 13:22:02.419963 ,0.286739,0.014991,0.0,0,0,0.0
2020-12-12 13:22:04.925832 ,0.375015,0.018961,0.001998,0,0,0.000999
2020-12-12 13:22:05.277202 ,0.318483,0.017955,0.0,0,0,0.0
2020-12-12 13:22:05.715999 ,0.403919,0.020946,0.000995,0,0,0.0
2020-12-12 13:22:06.109013 ,0.367051,0.013997,0.0,0,0,0.0
2020-12-12 13:22:07.411499 ,0.40791,0.026927,0.0,0,0,0.0
2020-12-12 13:22:08.876138 ,0.408905,0.018981,0.000995,0,0,0.0
2020-12-12 13:22:09.268067 ,0.368025,0.01795,0.0,0,0,0.0
2020-12-12 13:22:09.683658 ,0.386673,0.018947,0.0,0,0,0.0
2020-12-12 13:22:11.775241 ,0.364025,0.01796,0.001,0,0,0.0
2020-12-12 13:22:12.167814 ,0.369634,0.016955,0.0,0,0,0.0
2020-12-12 13:22:12.569765 ,0.373024,0.021942,0.000997,0,0,0.0
2020-12-12 13:22:12.950751 ,0.346077,0.018953,0.0,0,0,0.0
2020-12-12 13:22:13.988281 ,0.299117,0.015958,0.000998,0,0,0.0
2020-12-12 13:22:14.307934 ,0.297739,0.014934,0.0,0,0,0.0
2020-12-12 13:22:14.627080 ,0.294188,0.016954,0.0,0,0,0.0
2020-12-12 13:22:14.943282 ,0.296255,0.013963,0.0,0,0,0.0
2020-12-12 13:22:16.589821 ,0.299706,0.022937,0.000996,0,0,0.0
2020-12-12 13:22:17.679455 ,0.31416,0.025479,0.000998,0,0,0.0
2020-12-12 13:22:18.599995 ,0.413893,0.017953,0.0,0,0,0.0
2020-12-12 13:22:18.933107 ,0.310174,0.016955,0.0,0,0,0.0
2020-12-12 13:22:19.266726 ,0.309682,0.017952,0.002006,0,0,0.0
2020-12-12 13:22:20.424631 ,0.356047,0.015957,0.000995,0,0,0.0
2020-12-12 13:22:20.768822 ,0.321254,0.016952,0.0,0,0,0.0
2020-12-12 13:22:21.163130 ,0.366411,0.015984,0.000997,0,0,0.0
2020-12-12 13:22:21.499230 ,0.308144,0.021942,0.001,0,0,0.0
2020-12-12 13:22:22.591879 ,0.329991,0.021973,0.0,0,0,0.0
2020-12-12 13:22:22.936798 ,0.32205,0.015954,0.000995,0,0,0.0
2020-12-12 13:22:23.269917 ,0.308195,0.017981,0.000996,0,0,0.0
2020-12-12 13:22:23.621657 ,0.320795,0.015968,0.001009,0,0,0.0
2020-12-12 13:22:24.808993 ,0.358027,0.025932,0.000998,0,0,0.0
2020-12-12 13:22:25.790912 ,0.347104,0.015957,0.000997,0,0,0.000997
2020-12-12 13:22:26.204774 ,0.386968,0.019945,0.0,0,0,0.0
2020-12-12 13:22:28.271444 ,0.371437,0.024937,0.000998,0.000998,0,0.0
2020-12-12 13:22:28.653420 ,0.358042,0.017953,0.000999,0,0,0.0
2020-12-12 13:22:28.979656 ,0.300305,0.015958,0.000997,0,0,0.000997
2020-12-12 13:22:29.329998 ,0.326404,0.015957,0.0,0,0,0.0
2020-12-12 13:22:30.945951 ,0.31457,0.01496,0.0,0,0,0.0
2020-12-12 13:22:31.291860 ,0.314959,0.019947,0.0,0,0,0.0
2020-12-12 13:22:31.646911 ,0.330118,0.017952,0.0,0,0,0.0
2020-12-12 13:22:31.968082 ,0.291254,0.01795,0.0030009999999999998,0.0019979999999999998,0,0.0
2020-12-12 13:22:33.079489 ,0.303191,0.012966,0.0,0,0,0.0
2020-12-12 13:22:34.128923 ,0.302191,0.021942,0.0049499999999999995,0.0049499999999999995,0,0.0
2020-12-12 13:22:34.510902 ,0.35405,0.019945,0.0,0,0,0.0
2020-12-12 13:22:34.876945 ,0.337093,0.017953,0.0,0,0,0.0
2020-12-12 13:22:35.190109 ,0.291225,0.017951,0.0,0,0,0.0
2020-12-12 13:22:37.283132 ,0.312168,0.015958,0.0,0,0,0.0
2020-12-12 13:22:37.609718 ,0.306637,0.012965,0.00299,0,0,0.000997
2020-12-12 13:22:37.916744 ,0.283058,0.017952,0.0,0,0,0.0
2020-12-12 13:22:38.244586 ,0.30122,0.018461,0.002991,0.001994,0,0.000997
2020-12-12 13:22:39.354620 ,0.313166,0.014959,0.000997,0,0,0.0
2020-12-12 13:22:39.704940 ,0.320404,0.018949,0.000998,0.0,0,0.000998
2020-12-12 13:22:40.056104 ,0.319965,0.019229,0.004989,0.004989,0,0.0
2020-12-12 13:22:40.429073 ,0.352058,0.013963,0.000997,0,0,0.000997
2020-12-12 13:22:43.684502 ,0.335103,0.014991,0.00103,0,0,0.0
2020-12-12 13:22:46.472350 ,0.316155,0.018954,0.0,0,0,0.0
2020-12-12 13:22:49.026222 ,0.296139,0.023936,0.0,0,0,0.0
2020-12-12 13:22:49.376286 ,0.328121,0.014962,0.0,0,0,0.0
2020-12-12 13:22:49.717372 ,0.317149,0.015957,0.000998,0.0,0,0.0
2020-12-12 13:22:50.033025 ,0.291711,0.014966,0.0,0,0,0.0
2020-12-12 13:22:52.595218 ,0.310169,0.017956,0.002003,0,0,0.000997
2020-12-12 13:22:52.949269 ,0.330115,0.015958,0.0019950000000000002,0,0,0.000998
2020-12-12 13:22:53.281421 ,0.302237,0.017945,0.003988,0.0019950000000000002,0,0.0
2020-12-12 13:22:53.641080 ,0.322619,0.024057,0.000995,0,0,0.000995
2020-12-12 13:22:55.214675 ,0.306186,0.020976,0.0,0,0,0.0
2020-12-12 13:22:55.546835 ,0.307261,0.019915,0.004924,0.004924,0,0.0
2020-12-12 13:22:55.876957 ,0.308174,0.013968,0.00199,0,0,0.000997
2020-12-12 13:22:57.024911 ,0.314141,0.018949,0.0029950000000000003,0.0029950000000000003,0,0.0
2020-12-12 13:22:58.216903 ,0.3143,0.024931,0.003993,0.002995,0,0.0
2020-12-12 13:22:58.556512 ,0.313685,0.017944,0.0,0,0,0.0
2020-12-12 13:22:58.938491 ,0.354043,0.019947,0.0,0,0,0.0
2020-12-12 13:23:00.366996 ,0.430849,0.017951,0.001996,0,0,0.000998
2020-12-12 13:23:00.720083 ,0.325153,0.017956,0.0,0,0,0.0
2020-12-12 13:23:01.084491 ,0.334518,0.016955,0.0,0,0,0.0
2020-12-12 13:23:01.414610 ,0.308177,0.017952,0.0,0,0,0.0
2020-12-12 13:23:03.552957 ,0.320175,0.014932,0.0,0,0,0.0
2020-12-12 13:23:04.934137 ,0.293083,0.014961,0.0,0,0,0.0
2020-12-12 13:23:05.304620 ,0.343555,0.018948,0.0,0,0,0.0
2020-12-12 13:23:05.735469 ,0.395957,0.019932,0.0,0,0,0.0
2020-12-12 13:23:06.156532 ,0.390142,0.019951,0.000997,0,0,0.0
2020-12-12 13:23:07.460946 ,0.375987,0.024961,0.001001,0,0,0.0
2020-12-12 13:23:07.886779 ,0.399933,0.018946,0.000966,0,0,0.0
2020-12-12 13:23:08.390104 ,0.452459,0.04089,0.012969,0.0029960000000000004,0,0.001993
2020-12-12 13:23:11.010840 ,0.492979,0.017952,0.0,0,0,0.0
2020-12-12 13:23:13.357872 ,0.473734,0.017947,0.000996,0,0,0.0
2020-12-12 13:23:15.491503 ,0.51814,0.025928,0.0,0,0,0.0
2020-12-12 13:23:18.820885 ,0.489689,0.023937,0.001989,0,0,0.0
2020-12-12 13:23:22.351559 ,0.474499,0.02195,0.0,0,0,0.0
2020-12-12 13:23:25.065347 ,0.451794,0.023936,0.000996,0,0,0.0
2020-12-12 13:23:25.585954 ,0.474731,0.032913,0.000999,0.0,0,0.0
2020-12-12 13:23:26.078636 ,0.441809,0.033909,0.000998,0,0,0.000998
2020-12-12 13:23:26.573424 ,0.456882,0.022943,0.0,0,0,0.0
2020-12-12 13:23:29.160798 ,0.451792,0.030917,0.000998,0,0,0.0
2020-12-12 13:23:29.650802 ,0.452116,0.024935,0.000998,0.000998,0,0.0
2020-12-12 13:23:30.874035 ,0.483857,0.028942,0.001007,0,0,0.001007
2020-12-12 13:23:31.366038 ,0.453109,0.021945,0.0,0,0,0.0
2020-12-12 13:23:32.673753 ,0.444328,0.022941,0.000997,0,0,0.0
2020-12-12 13:23:33.153469 ,0.435835,0.024933,0.0,0,0,0.0
2020-12-12 13:23:33.611276 ,0.412402,0.030436,0.0,0,0,0.0
2020-12-12 13:23:34.154341 ,0.505169,0.021938,0.000997,0,0,0.0
2020-12-12 13:23:35.208758 ,0.511869,0.020943,0.0,0,0,0.0
2020-12-12 13:23:37.820151 ,0.456263,0.022938,0.0,0,0,0.0
2020-12-12 13:23:38.278912 ,0.431846,0.016955,0.0,0,0,0.0
2020-12-12 13:23:38.750650 ,0.438823,0.020944,0.0,0,0,0.0
2020-12-12 13:23:39.216432 ,0.436847,0.019956,0.000999,0,0,0.0
2020-12-12 13:23:40.307345 ,0.458749,0.020947,0.002001,0,0,0.000999
2020-12-12 13:23:40.801045 ,0.456801,0.023951,0.00102,0,0,0.0
2020-12-12 13:23:41.298720 ,0.46476,0.026927,0.0,0,0,0.0
2020-12-12 13:23:42.265424 ,0.453297,0.024939,0.0029950000000000003,0,0,0.002001
2020-12-12 13:23:43.657028 ,0.640612,0.036906,0.0,0,0,0.0
2020-12-12 13:23:45.137313 ,0.736036,0.038893,0.001993,0,0,0.000995
2020-12-12 13:23:45.894800 ,0.720078,0.027436,0.0,0,0,0.0
2020-12-12 13:23:46.594438 ,0.62085,0.025933,0.0,0,0,0.0
2020-12-12 13:23:47.638044 ,0.509637,0.03391,0.0,0,0,0.0
2020-12-12 13:23:48.150197 ,0.461278,0.035904,0.000998,0.0,0,0.0
2020-12-12 13:23:48.692738 ,0.501659,0.023937,0.0,0,0,0.0
2020-12-12 13:23:50.096955 ,0.506647,0.019945,0.0,0,0,0.0
2020-12-12 13:23:50.596699 ,0.455865,0.022934,0.0029759999999999995,0.00198,0,0.0
2020-12-12 13:23:51.131269 ,0.483706,0.028923,0.00099,0,0,0.0
2020-12-12 13:23:51.635920 ,0.463743,0.031914,0.000982,0,0,0.0
2020-12-12 13:23:53.263797 ,0.49143,0.027924,0.0,0,0,0.0
2020-12-12 13:23:55.067218 ,0.478231,0.023961,0.001,0,0,0.0
2020-12-12 13:23:55.587004 ,0.484896,0.023935,0.001993,0,0,0.0
2020-12-12 13:23:56.143047 ,0.517146,0.031916,0.000999,0,0,0.0
2020-12-12 13:23:56.674626 ,0.484707,0.026927,0.0,0,0,0.0
2020-12-12 13:23:58.421252 ,0.467746,0.027925,0.000998,0,0,0.0
2020-12-12 13:23:58.934399 ,0.480231,0.024934,0.000999,0,0,0.0
2020-12-12 13:23:59.448025 ,0.476725,0.027926,0.0,0,0,0.0
2020-12-12 13:24:00.065588 ,0.5627,0.037904,0.001004,0.001004,0,0.0
2020-12-12 13:24:01.366854 ,0.51328,0.024932,0.002001,0,0,0.0
2020-12-12 13:24:01.894086 ,0.47638,0.025922,0.000995,0,0,0.0
2020-12-12 13:24:02.468078 ,0.534086,0.031914,0.0,0,0,0.0
2020-12-12 13:24:02.943097 ,0.448101,0.020943,0.000995,0,0,0.000995
2020-12-12 13:24:04.191295 ,0.456784,0.028922,0.000997,0,0,0.0
2020-12-12 13:24:05.534151 ,0.471734,0.029927,0.0,0,0,0.0
2020-12-12 13:24:07.113948 ,0.717928,0.024936,0.000992,0,0,0.000992
2020-12-12 13:24:07.880956 ,0.710162,0.035904,0.000998,0,0,0.000998
2020-12-12 13:24:08.476365 ,0.552512,0.020946,0.001,0,0,0.0
2020-12-12 13:24:08.975176 ,0.455911,0.02395,0.000998,0,0,0.000998
2020-12-12 13:24:10.538982 ,0.528587,0.04089,0.0019960000000000004,0,0,0.000999
2020-12-12 13:24:11.167303 ,0.57646,0.042881,0.00101,0,0,0.0
2020-12-12 13:24:11.707858 ,0.499672,0.022932,0.000999,0,0,0.0
2020-12-12 13:24:12.256390 ,0.511631,0.024933,0.0,0,0,0.0
2020-12-12 13:24:14.054584 ,0.479718,0.018948,0.000997,0,0,0.0
2020-12-12 13:24:14.530312 ,0.441813,0.024934,0.000996,0,0,0.0
2020-12-12 13:24:15.102782 ,0.534557,0.024933,0.000993,0,0,0.000993
2020-12-12 13:24:15.619401 ,0.475724,0.027925,0.000988,0,0,0.0
2020-12-12 13:24:17.381690 ,0.490687,0.01895,0.0,0,0,0.0
2020-12-12 13:24:19.039259 ,0.466752,0.025931,0.000997,0,0,0.0
2020-12-12 13:24:19.543910 ,0.469744,0.023937,0.0,0,0,0.0
2020-12-12 13:24:20.014167 ,0.443312,0.018949,0.0,0,0,0.0
2020-12-12 13:24:20.472939 ,0.425862,0.024933,0.0,0,0,0.0
2020-12-12 13:24:22.101586 ,0.498668,0.021941,0.0,0,0,0.0
2020-12-12 13:24:22.534446 ,0.404917,0.019948,0.000993,0,0,0.0
2020-12-12 13:24:23.088946 ,0.517629,0.020931,0.0,0,0,0.0
2020-12-12 13:24:23.557693 ,0.428852,0.025931,0.0,0,0,0.0
2020-12-12 13:24:24.755491 ,0.430845,0.021939,0.0,0,0,0.0
2020-12-12 13:24:25.231219 ,0.430849,0.027924,0.0,0,0,0.0
2020-12-12 13:24:25.683012 ,0.407908,0.026927,0.0,0,0,0.0
2020-12-12 13:24:27.271765 ,0.42287,0.027925,0.0,0,0,0.0
2020-12-12 13:24:29.889766 ,0.435834,0.022938,0.000998,0,0,0.000998
2020-12-12 13:24:30.389430 ,0.460768,0.024932,0.0,0,0,0.0
2020-12-12 13:24:30.904055 ,0.473734,0.025931,0.000997,0,0,0.0
2020-12-12 13:24:31.370807 ,0.428844,0.02593,0.002,0,0,0.0
2020-12-12 13:24:33.186820 ,0.571983,0.025929,0.001994,0,0,0.000997
2020-12-12 13:24:33.885951 ,0.652256,0.032911,0.000997,0,0,0.000997
2020-12-12 13:24:34.481360 ,0.552523,0.030916,0.001992,0,0,0.000995
2020-12-12 13:24:35.002965 ,0.480712,0.029921,0.001992,0,0,0.0
2020-12-12 13:24:36.443120 ,0.4468,0.023941,0.0019950000000000002,0,0,0.0
2020-12-12 13:24:36.952752 ,0.466752,0.021941,0.001015,0,0,0.0
2020-12-12 13:24:37.445436 ,0.452791,0.026927,0.001993,0,0,0.0
2020-12-12 13:24:38.634257 ,0.473733,0.020944,0.002001,0,0,0.0
2020-12-12 13:24:40.031523 ,0.446805,0.021942,0.000997,0,0,0.0
2020-12-12 13:24:40.819417 ,0.416884,0.019954,0.002989,0,0,0.000995
2020-12-12 13:24:42.046139 ,0.487692,0.024936,0.000996,0,0,0.0
2020-12-12 13:24:42.563753 ,0.476725,0.028922,0.003974,0.003974,0,0.0
2020-12-12 13:24:43.022526 ,0.428853,0.017951,0.000998,0,0,0.0
2020-12-12 13:25:11.961677 ,0.593414,0.019947,0.0,0,0,0.0
2020-12-12 13:25:12.489268 ,0.488693,0.025932,0.001006,0,0,0.0
2020-12-12 13:25:13.155485 ,0.629327,0.019937,0.0,0,0,0.0
2020-12-12 13:25:13.648169 ,0.457769,0.01895,0.0,0,0,0.0
2020-12-12 13:25:14.911791 ,0.443812,0.019948,0.0,0,0,0.0
2020-12-12 13:25:16.231176 ,0.426849,0.025937,0.001968,0,0,0.000996
2020-12-12 13:25:16.680970 ,0.407909,0.031915,0.000996,0.0,0,0.0
2020-12-12 13:25:17.097856 ,0.387958,0.017951,0.000997,0,0,0.0
2020-12-12 13:25:19.558862 ,0.457775,0.024933,0.000998,0,0,0.0
2020-12-12 13:25:20.117369 ,0.506646,0.037898,0.0069759999999999996,0.003991,0,0.0
2020-12-12 13:25:20.644962 ,0.488692,0.019951,0.0,0,0,0.0
2020-12-12 13:25:21.071843 ,0.37602,0.014934,0.000998,0,0,0.0
2020-12-12 13:25:23.071786 ,0.451791,0.024934,0.000994,0,0,0.000994
2020-12-12 13:25:23.636285 ,0.512633,0.026933,0.0,0,0,0.0
2020-12-12 13:25:24.199771 ,0.519612,0.030917,0.0,0,0,0.0
2020-12-12 13:25:26.239421 ,0.419878,0.021941,0.0019950000000000002,0,0,0.0
2020-12-12 13:25:27.624716 ,0.479718,0.019949,0.0,0,0,0.0
2020-12-12 13:25:28.088477 ,0.42686,0.019946,0.0,0.0,0,0.0
2020-12-12 13:25:28.561214 ,0.434833,0.021943,0.000986,0.0,0,0.0
2020-12-12 13:25:29.072847 ,0.465749,0.018949,0.000997,0,0,0.0
2020-12-12 13:25:32.583735 ,0.487696,0.022939,0.0,0,0,0.0
2020-12-12 13:25:33.103349 ,0.489689,0.018953,0.0,0,0,0.0
2020-12-12 13:25:33.770564 ,0.619341,0.031924,0.0,0,0,0.0
2020-12-12 13:25:34.663176 ,0.836759,0.041888,0.0,0,0,0.0
2020-12-12 13:25:36.216025 ,0.488692,0.023937,0.000996,0,0,0.0
2020-12-12 13:25:36.758575 ,0.50466,0.023927,0.0029920000000000003,0,0,0.0
2020-12-12 13:25:37.240286 ,0.449813,0.020927,0.001993,0,0,0.000997
2020-12-12 13:25:39.019532 ,0.430845,0.023937,0.001984,0,0,0.0
2020-12-12 13:25:40.431755 ,0.466748,0.019946,0.001994,0,0,0.000997
2020-12-12 13:25:43.038929 ,0.581436,0.019945,0.0,0,0,0.0
2020-12-12 13:25:43.541584 ,0.468737,0.018949,0.000998,0,0,0.0
2020-12-12 13:25:44.052220 ,0.479715,0.01895,0.000997,0,0,0.0
2020-12-12 13:25:44.637655 ,0.457775,0.10871,0.083794,0.08279,0,0.0
2020-12-12 13:25:47.237704 ,1.094097,0.042863,0.002993,0,0,0.0
2020-12-12 13:25:48.208110 ,0.909565,0.032912,0.000989,0,0,0.0
2020-12-12 13:25:48.824462 ,0.565488,0.017952,0.0,0,0,0.0
2020-12-12 13:25:49.254312 ,0.402922,0.016954,0.0,0,0,0.0
2020-12-12 13:25:50.319465 ,0.357046,0.120676,0.104715,0.10371700000000002,0,0.0
2020-12-12 13:25:50.724385 ,0.374997,0.014962,0.0,0,0,0.0
2020-12-12 13:25:51.135284 ,0.382976,0.019947,0.0,0,0,0.0
2020-12-12 13:25:51.989002 ,0.400926,0.015958,0.0,0,0,0.0
2020-12-12 13:25:52.786902 ,0.34009,0.01599,0.002,0.002,0,0.0
2020-12-12 13:25:53.155909 ,0.334105,0.021966,0.0,0,0,0.0
2020-12-12 13:25:53.542850 ,0.361035,0.01693,0.0,0,0,0.0
2020-12-12 13:25:54.419506 ,0.323135,0.020944,0.001023,0.0,0,0.0
2020-12-12 13:25:54.892241 ,0.380982,0.078789,0.064828,0.062832,0,0.0
2020-12-12 13:25:55.244301 ,0.331115,0.013963,0.001992,0.0,0,0.0
2020-12-12 13:25:55.650216 ,0.371004,0.018949,0.0,0,0,0.0
2020-12-12 13:25:57.649935 ,0.362061,0.013933,0.0,0,0,0.0
2020-12-12 13:25:58.861696 ,0.513626,0.017953,0.000997,0,0,0.000997
2020-12-12 13:25:59.296533 ,0.404917,0.021941,0.001993,0,0,0.0
2020-12-12 13:25:59.633648 ,0.316155,0.015972,0.000997,0,0,0.000997
2020-12-12 13:25:59.978712 ,0.318151,0.01795,0.000996,0,0,0.000996
2020-12-12 13:26:01.507760 ,0.371034,0.013942,0.000997,0,0,0.0
2020-12-12 13:26:01.859821 ,0.324135,0.014961,0.000997,0,0,0.0
2020-12-12 13:26:02.254763 ,0.364057,0.016923,0.000997,0,0,0.0
2020-12-12 13:26:02.659714 ,0.375995,0.018948,0.0,0,0,0.0
2020-12-12 13:26:03.664116 ,0.398933,0.024933,0.0,0,0,0.0
2020-12-12 13:26:04.153807 ,0.459775,0.015952,0.0,0,0,0.0
2020-12-12 13:26:04.526811 ,0.34807,0.015958,0.0,0,0,0.0
2020-12-12 13:26:04.879898 ,0.322135,0.016985,0.0,0,0,0.0
2020-12-12 13:26:05.792100 ,0.393947,0.01496,0.0,0,0,0.0
2020-12-12 13:26:06.613904 ,0.347072,0.025929,0.0060090000000000005,0.0060090000000000005,0,0.0
2020-12-12 13:26:07.569350 ,0.377993,0.018944,0.000997,0,0,0.0
2020-12-12 13:26:08.061035 ,0.451792,0.020944,0.0,0,0,0.0
2020-12-12 13:26:08.439026 ,0.348104,0.016922,0.0,0,0,0.0
2020-12-12 13:26:08.817015 ,0.356052,0.015955,0.0,0,0,0.0
2020-12-12 13:26:11.146868 ,0.588497,0.035222,0.000997,0,0,0.000997
2020-12-12 13:26:11.756232 ,0.542546,0.050866,0.003012,0,0,0.0
2020-12-12 13:26:12.472316 ,0.63929,0.042885,0.008,0.006003,0,0.000999
2020-12-12 13:26:13.057751 ,0.539555,0.026928,0.000998,0,0,0.000998
2020-12-12 13:26:14.405077 ,0.572469,0.025927,0.000995,0,0,0.0
2020-12-12 13:26:15.088039 ,0.527116,0.137886,0.11567000000000001,0.112679,0,0.0
2020-12-12 13:26:15.580375 ,0.444465,0.028922,0.0,0.0,0,0.0
2020-12-12 13:26:16.129907 ,0.505648,0.024934,0.0,0,0,0.0
2020-12-12 13:26:17.362162 ,0.548529,0.043882,0.01396,0.010957999999999999,0,0.0
2020-12-12 13:26:18.493663 ,0.553513,0.038908,0.002998,0.0020080000000000002,0,0.0
2020-12-12 13:26:19.054188 ,0.508641,0.029928,0.00099,0,0,0.0
2020-12-12 13:26:19.613294 ,0.515248,0.032911,0.000998,0,0,0.0
2020-12-12 13:26:20.255607 ,0.583471,0.023935,0.0,0,0,0.0
2020-12-12 13:26:21.363015 ,0.479371,0.024931,0.000997,0,0,0.0
2020-12-12 13:26:21.878641 ,0.474731,0.020948,0.0,0,0,0.0
2020-12-12 13:26:22.422070 ,0.498552,0.023937,0.002994,0,0,0.000998
2020-12-12 13:26:23.052043 ,0.579109,0.021934,0.001001,0,0,0.0
2020-12-12 13:26:24.174036 ,0.509637,0.024934,0.0,0,0,0.0
2020-12-12 13:26:24.839786 ,0.606897,0.028933,0.002003,0,0,0.0
2020-12-12 13:26:25.441094 ,0.545539,0.025856,0.000997,0,0,0.0
2020-12-12 13:26:26.147738 ,0.647812,0.02592,0.000997,0,0,0.000997
2020-12-12 13:26:28.687360 ,0.668984,0.028923,0.0,0,0,0.0
2020-12-12 13:26:30.197919 ,0.759481,0.023936,0.000997,0,0,0.0
2020-12-12 13:26:30.924974 ,0.664225,0.034907,0.0,0,0,0.0
2020-12-12 13:26:31.658328 ,0.675507,0.02992,0.000997,0,0,0.0
2020-12-12 13:26:32.195891 ,0.491685,0.019953,0.0,0,0,0.0
2020-12-12 13:26:33.285335 ,0.57845,0.025929,0.0,0,0,0.0
2020-12-12 13:26:33.838862 ,0.507654,0.021941,0.001011,0,0,0.001011
2020-12-12 13:26:34.439638 ,0.548911,0.020945,0.0,0,0,0.0
2020-12-12 13:26:35.364166 ,0.559504,0.022939,0.000997,0,0,0.000997
2020-12-12 13:26:35.960336 ,0.544297,0.026927,0.0,0,0,0.0
2020-12-12 13:26:36.690895 ,0.675699,0.034906,0.0,0,0,0.0
2020-12-12 13:26:38.063873 ,0.671203,0.038907,0.000997,0,0,0.0
2020-12-12 13:26:39.546560 ,0.87168,0.041877,0.0,0,0,0.0
2020-12-12 13:26:40.695957 ,0.687163,0.028926,0.0,0,0,0.0
2020-12-12 13:26:42.958797 ,0.939838,0.045873,0.001997,0,0,0.000998
2020-12-12 13:26:43.632173 ,0.6265,0.019946,0.000998,0,0,0.000998
2020-12-12 13:26:44.273458 ,0.592415,0.031914,0.000993,0,0,0.0
2020-12-12 13:26:44.856106 ,0.548738,0.022939,0.0,0,0,0.0
2020-12-12 13:26:46.470659 ,0.508505,0.015957,0.0019950000000000002,0,0,0.0
2020-12-12 13:26:46.879598 ,0.380982,0.014992,0.0,0,0,0.0
2020-12-12 13:26:47.285907 ,0.373392,0.018949,0.001968,0.001968,0,0.0
2020-12-12 13:26:47.726869 ,0.407878,0.020966,0.0019960000000000004,0,0,0.000997
2020-12-12 13:26:50.617995 ,0.714009,0.029919,0.001001,0,0,0.0
2020-12-12 13:26:51.959438 ,0.519636,0.026928,0.0,0,0,0.0
2020-12-12 13:26:52.576318 ,0.57598,0.027929,0.0,0,0,0.0
2020-12-12 13:26:53.148715 ,0.531501,0.022939,0.0,0,0,0.0
2020-12-12 13:26:53.702761 ,0.516146,0.022942,0.0,0,0,0.0
2020-12-12 13:26:55.262551 ,0.703551,0.039893,0.000997,0,0,0.0
2020-12-12 13:26:55.978636 ,0.666215,0.023936,0.000996,0,0,0.000996
2020-12-12 13:26:56.569579 ,0.549047,0.026934,0.002985,0.002985,0,0.0
2020-12-12 13:26:57.097160 ,0.491687,0.023932,0.0,0,0,0.0
2020-12-12 13:26:59.289275 ,0.528095,0.038896,0.0,0,0,0.0
2020-12-12 13:26:59.895654 ,0.566479,0.022939,0.0,0,0,0.0
2020-12-12 13:27:00.566028 ,0.618513,0.032912,0.0,0,0,0.0
2020-12-12 13:27:01.146477 ,0.531578,0.025931,0.000996,0,0,0.0
2020-12-12 13:27:02.644980 ,0.718611,0.04589,0.00199,0,0,0.000996
2020-12-12 13:27:05.129338 ,0.582534,0.030905,0.000998,0,0,0.0
2020-12-12 13:27:05.734719 ,0.561501,0.028921,0.0,0,0,0.0
2020-12-12 13:27:06.293778 ,0.511185,0.0379,0.000995,0,0,0.0
2020-12-12 13:27:06.892502 ,0.552849,0.029918,0.000998,0,0,0.000998
2020-12-12 13:27:08.871703 ,0.538558,0.039895,0.000996,0,0,0.000996
2020-12-12 13:27:09.446689 ,0.530581,0.028923,0.000997,0,0,0.0
2020-12-12 13:27:10.015157 ,0.528588,0.028922,0.001021,0,0,0.0
2020-12-12 13:27:10.692348 ,0.633306,0.027924,0.0,0,0,0.0
2020-12-12 13:27:11.936537 ,0.526604,0.023924,0.0,0,0,0.0
2020-12-12 13:27:12.545434 ,0.566016,0.02992,0.0,0,0,0.0
2020-12-12 13:27:13.122889 ,0.537563,0.024933,0.0,0,0,0.0
2020-12-12 13:27:13.810452 ,0.629715,0.027926,0.000998,0,0,0.000998
2020-12-12 13:27:15.029704 ,0.561494,0.045885,0.001994,0,0,0.000997
2020-12-12 13:27:16.220361 ,0.632316,0.023928,0.0,0,0,0.0
2020-12-12 13:27:17.414369 ,0.558508,0.023934,0.002006,0,0,0.0
2020-12-12 13:27:17.967794 ,0.51355,0.022917,0.0029939999999999997,0,0,0.0
2020-12-12 13:27:18.579687 ,0.554048,0.025937,0.0,0,0,0.0
2020-12-12 13:27:19.143180 ,0.524598,0.024934,0.001992,0,0,0.0
2020-12-12 13:27:20.128781 ,0.55153,0.026927,0.001001,0,0,0.0
2020-12-12 13:27:20.711867 ,0.538213,0.032912,0.0029779999999999997,0,0,0.001998
2020-12-12 13:27:21.332663 ,0.568934,0.031915,0.001981,0,0,0.000983
2020-12-12 13:27:22.293096 ,0.586425,0.032912,0.000996,0,0,0.000996
2020-12-12 13:27:22.939891 ,0.603919,0.026919,0.000998,0,0,0.0
2020-12-12 13:27:23.582265 ,0.595498,0.027925,0.000997,0,0,0.000997
2020-12-12 13:27:26.093064 ,0.591903,0.031914,0.0,0,0,0.0
2020-12-12 13:27:27.330613 ,0.54586,0.030918,0.001999,0,0,0.0
2020-12-12 13:27:27.930543 ,0.557045,0.03391,0.0,0,0,0.0
2020-12-12 13:27:28.521842 ,0.544427,0.028923,0.000997,0,0,0.0
2020-12-12 13:27:29.133719 ,0.567996,0.024932,0.000997,0,0,0.0
2020-12-12 13:27:30.237552 ,0.494708,0.020943,0.0,0,0,0.0
2020-12-12 13:27:30.805242 ,0.525591,0.023153,0.0,0,0,0.0
2020-12-12 13:27:31.331833 ,0.483707,0.030919,0.0,0,0,0.0
2020-12-12 13:27:32.019994 ,0.636293,0.024934,0.001994,0,0,0.0
2020-12-12 13:27:33.067216 ,0.556312,0.025931,0.001997,0,0,0.0
2020-12-12 13:27:33.643572 ,0.53846,0.024931,0.001997,0,0,0.000998
2020-12-12 13:27:34.205137 ,0.523665,0.023935,0.000998,0,0,0.000998
2020-12-12 13:27:35.823365 ,0.656287,0.026929,0.000993,0,0,0.0
2020-12-12 13:27:37.022523 ,0.529424,0.032913,0.0,0,0,0.0
2020-12-12 13:27:37.633888 ,0.579448,0.023936,0.0,0,0,0.0
2020-12-12 13:27:38.214184 ,0.535405,0.029922,0.0029909999999999997,0,0,0.0
2020-12-12 13:27:38.840054 ,0.575016,0.030918,0.0,0,0,0.0
2020-12-12 13:27:39.953005 ,0.531505,0.026928,0.000994,0,0,0.000994
2020-12-12 13:27:40.516548 ,0.528108,0.020939,0.0,0,0,0.0
2020-12-12 13:27:41.082730 ,0.511642,0.028609,0.0,0,0,0.0
2020-12-12 13:27:41.642611 ,0.521981,0.020947,0.001997,0,0,0.001
2020-12-12 13:27:42.355931 ,0.491916,0.029919,0.000998,0,0,0.000998
2020-12-12 13:27:42.901516 ,0.497713,0.03091,0.0,0,0,0.0
2020-12-12 13:27:45.297782 ,0.532572,0.028928,0.000995,0,0,0.0
2020-12-12 13:27:46.542019 ,0.653814,0.03092,0.0,0,0,0.0
2020-12-12 13:27:47.781907 ,0.556198,0.027925,0.000998,0,0,0.0
2020-12-12 13:27:48.407488 ,0.576713,0.033904,0.000997,0,0,0.000997
2020-12-12 13:27:48.977006 ,0.526625,0.033909,0.0,0,0,0.0
2020-12-12 13:27:49.676651 ,0.644788,0.033913,0.0,0,0,0.0
2020-12-12 13:27:50.995831 ,0.686038,0.02592,0.0,0,0,0.0
2020-12-12 13:27:51.592779 ,0.545093,0.031911,0.0,0,0,0.0
2020-12-12 13:27:52.212651 ,0.573993,0.026929,0.000998,0,0,0.0
2020-12-12 13:27:52.801617 ,0.552058,0.027925,0.0030029999999999996,0,0,0.0
2020-12-12 13:27:54.551441 ,0.606365,0.024935,0.000986,0,0,0.0
2020-12-12 13:27:55.124930 ,0.52261,0.027942,0.0,0,0,0.0
2020-12-12 13:27:55.859948 ,0.680182,0.039894,0.000994,0,0,0.0
2020-12-12 13:27:57.082685 ,0.563497,0.035902,0.0,0,0,0.0
2020-12-12 13:27:58.526274 ,0.683175,0.056846,0.0,0,0,0.0
2020-12-12 13:27:59.267810 ,0.651776,0.030916,0.001001,0,0,0.0
2020-12-12 13:27:59.856245 ,0.541545,0.030921,0.002988,0,0,0.0
2020-12-12 13:28:00.460729 ,0.552632,0.033909,0.000999,0.000999,0,0.0
2020-12-12 13:28:02.823056 ,0.495663,0.021942,0.000996,0,0,0.0
2020-12-12 13:28:03.273856 ,0.414914,0.01893,0.0029950000000000003,0,0,0.000998
2020-12-12 13:28:03.783786 ,0.466048,0.028923,0.0,0,0,0.0
2020-12-12 13:28:04.254527 ,0.420874,0.035906,0.001994,0.0,0,0.000991
2020-12-12 13:28:05.339166 ,0.461304,0.029922,0.0,0,0,0.0
2020-12-12 13:28:05.900665 ,0.510634,0.033912,0.010958,0.010957999999999999,0,0.0
2020-12-12 13:28:06.402233 ,0.463667,0.025931,0.001994,0,0,0.000997
2020-12-12 13:28:07.499438 ,0.458914,0.023936,0.0,0,0,0.0
2020-12-12 13:28:08.803524 ,0.55153,0.022938,0.000998,0.0,0,0.0
2020-12-12 13:28:09.406830 ,0.552929,0.036411,0.0,0,0,0.0
2020-12-12 13:28:10.007225 ,0.567483,0.020944,0.0,0,0,0.0
2020-12-12 13:28:10.500473 ,0.453845,0.027437,0.002986,0,0,0.0
2020-12-12 13:28:12.157692 ,0.513356,0.032912,0.001999,0,0,0.000997
2020-12-12 13:28:12.699245 ,0.499664,0.034907,0.0,0.0,0,0.0
2020-12-12 13:28:13.222848 ,0.481713,0.033912,0.0,0,0,0.0
2020-12-12 13:28:13.713670 ,0.455919,0.022944,0.0,0,0,0.0
2020-12-12 13:28:14.767383 ,0.540087,0.025932,0.000998,0,0,0.000998
2020-12-12 13:28:15.341037 ,0.527774,0.03092,0.001993,0,0,0.000993
2020-12-12 13:28:16.053132 ,0.641285,0.04488,0.015973,0.0019979999999999998,0,0.001997
2020-12-12 13:28:18.533237 ,0.550527,0.056848,0.034918000000000005,0.01198,0,0.000995
2020-12-12 13:28:19.465808 ,0.469743,0.020945,0,0,0,0
